35854;# sent = 2684;;;;;;;;;;;;;;;;
35855;#  #;;;;;;;;;;;;;;;;
35855;#  #;;;;;;;;;;;;;;;;
35855;#  #;;;;;;;;;;;;;;;;
35855;#  #;;;;;;;;;;;;;;;;
35855;#  #;;;;;;;;;;;;;;;;
35855;#  #;;;;;;;;;;;;;;;;
35855;#  #;;;;;;;;;;;;;;;;
35855;#  #;;;;;;;;;;;;;;;;
35855;# doc = uni_days2.txt;;;;;;;;;;;;;;;;
35856;# speaker = Я;;;;;;;;;;;;;;;;
35857;# sent = 2685;;;;;;;;;;;;;;;;
35858;;Аа;АА;INTJ;;;   _Аа_ , я бы;а;а;;;;;INTJ;АА;NONLEX;А
35859;;,;,;PUNCT;;;;;;;;;;PUNCT;;;
35860;;я;Я;SPRO sg 1p - nom;;; Аа , _я_ бы хотела чтобы;я;;;;;;SPRO;Я;SPRO sg 1p - nom;Я
35861;;бы;БЫ;PART;;;Аа , я _бы_ хотела чтобы ты;ы;б;;;;;PART;БЫ;PART;Ы
35862;;хотела;ХОТЕТЬ;V ipf praet sg indic f -;;;, я бы _хотела_ чтобы ты мне;а;л;е;т;о;х;V;ХОТЕТЬ;V ipf praet sg indic f -;Ь
35863;;чтобы;ЧТОБЫ;CONJ;;;я бы хотела _чтобы_ ты мне рассказала;ы;б;о;т;ч;;CONJ;ЧТОБЫ;CONJ;Ы
35864;;ты;ТЫ;SPRO sg 2p - nom;;;бы хотела чтобы _ты_ мне рассказала о;ы;т;;;;;SPRO;ТЫ;SPRO sg 2p - nom;Ы
35865;;мне;Я;SPRO sg 1p - dat;;;хотела чтобы ты _мне_ рассказала о своей;е;н;м;;;;SPRO;Я;SPRO sg 1p - dat;Я
35866;;рассказала;РАССКАЗАТЬ;V pf praet sg indic f -;;;чтобы ты мне _рассказала_ о своей университетской;а;л;а;з;а;к;V;РАССКАЗАТЬ;V pf praet sg indic f -;Ь
35867;;о;О;PR;;;ты мне рассказала _о_ своей университетской жизни;о;;;;;;PR;О;PR;О
35868;;своей;СВОЙ;APRO - loc sg plen f -;;;мне рассказала о _своей_ университетской жизни ...;й;е;о;в;с;;APRO;СВОЙ;A - gen sg plen f -;Й
35869;;университетской;УНИВЕРСИТЕТСКИЙ;A - loc sg plen f -;;;рассказала о своей _университетской_ жизни ... ;й;о;к;с;т;е;A;УНИВЕРСИТЕТСКИЙ;A - gen sg plen f -;Й
35870;;жизни;ЖИЗНЬ;S f inan loc sg;;;о своей университетской _жизни_ ...  ;и;н;з;и;ж;;S;ЖИЗНЬ;S f inan gen sg;Ь
35871;;...;...;PUNCT;;;;;;;;;;PUNCT;;;
35872;;;;;;;;;;;;;;;;;
35873;# sent = 2686;;;;;;;;;;;;;;;;
35874;"<distinct form=""";;;;;;;;;;;;;;;;
35875;<dist>;пожалуста;;;;;;;;;;;;;;;
35876;""">";;;;;;;;;;;;;;;;
35877;;пожалуйста;ПОЖАЛУЙСТА;PART;;; пожалуста  _пожалуйста_  . ;а;т;с;й;у;л;PART;ПОЖАЛУЙСТА;PART;А
35878;</distinct>;;;;;;;;;;;;;;;;
35879;;.;.;PUNCT;;;;;;;;;;PUNCT;;;
35880;;;;;;;;;;;;;;;;;
35881;# sent = 2687;;;;;;;;;;;;;;;;
35882;# speaker = Бабушка;;;;;;;;;;;;;;;;
35883;# sent = 2688;;;;;;;;;;;;;;;;
35884;;Ну;НУ;PART;;;   _Ну_ ... во ...;у;н;;;;;PART;НУ;PART;У
35885;;...;...;PUNCT;;;;;;;;;;PUNCT;;;
35886;;во;ВО;PART;;; Ну ... _во_ ... во первых;о;в;;;;;PART;ВО;PART;О
35887;;...;...;PUNCT;;;;;;;;;;PUNCT;;;
35888;;во;ВО;PR;;;... во ... _во_ первых , когда;о;в;;;;;PR;ВО;PR;О
35889;;первых;ПЕРВЫЙ;ANUM - loc pl plen - -;;;во ... во _первых_ , когда мы;х;ы;в;р;е;п;A;ПЕРВЫЙ;A - loc pl plen - -;Й
35890;;,;,;PUNCT;;;;;;;;;;PUNCT;;;
35891;;когда;КОГДА;CONJ;;;во первых , _когда_ мы учились у;а;д;г;о;к;;CONJ;КОГДА;CONJ;А
35892;;мы;МЫ;SPRO pl 1p - nom;;;первых , когда _мы_ учились у нас;ы;м;;;;;SPRO;МЫ;SPRO pl 1p - nom;Ы
35893;;учились;УЧИТЬСЯ;V ipf praet pl indic - -;;;, когда мы _учились_ у нас был;ь;с;и;л;и;ч;V;УЧИТЬСЯ;V ipf praet pl indic - -;Я
35894;;у;У;PR;;;когда мы учились _у_ нас был это;у;;;;;;PR;У;PR;У
35895;;нас;МЫ;SPRO pl 1p - loc;;;мы учились у _нас_ был это институт;с;а;н;;;;SPRO;МЫ;SPRO pl 1p - loc;Ы
35896;;был;БЫТЬ;V ipf praet sg indic m -;;;учились у нас _был_ это институт ...;л;ы;б;;;;V;БЫТЬ;V ipf praet sg indic m -;Ь
35897;;это;ЭТО;SPRO n - nom sg;;;у нас был _это_ институт ... ;о;т;э;;;;SPRO;ЭТО;S n - acc sg;О
35898;;институт;ИНСТИТУТ;S m inan nom sg;;;нас был это _институт_ ...  ;т;у;т;и;т;с;S;ИНСТИТУТ;S m inan acc sg;Т
35899;;...;...;PUNCT;;;;;;;;;;PUNCT;;;
35900;;;;;;;;;;;;;;;;;
35901;# sent = 2689;;;;;;;;;;;;;;;;
35902;# speaker = Я;;;;;;;;;;;;;;;;
35903;# sent = 2690;;;;;;;;;;;;;;;;
35904;;Хорошо;ХОРОШО;ADV -;;;   _Хорошо_ ...  ;о;ш;о;р;о;х;ADV;ХОРОШО;ADV -;О
35905;;...;...;PUNCT;;;;;;;;;;PUNCT;;;
35906;;;;;;;;;;;;;;;;;
35907;# sent = 2691;;;;;;;;;;;;;;;;
35908;# speaker = Бабушка;;;;;;;;;;;;;;;;
35909;# sent = 2692;;;;;;;;;;;;;;;;
35910;;Это;ЭТО;SPRO n - nom sg;;;   _Это_ был Томский ...;о;т;э;;;;SPRO;ЭТО;S n - nom sg;О
35911;;был;БЫТЬ;V ipf praet sg indic m -;;;  Это _был_ Томский ... ;л;ы;б;;;;V;БЫТЬ;V ipf praet sg indic m -;Ь
35912;;Томский;ТОМСКИЙ;A - nom sg plen m inan;;; Это был _Томский_ ...  ;й;и;к;с;м;о;A;ТОМСКИЙ;A - acc sg plen m inan;Й
35913;;...;...;PUNCT;;;;;;;;;;PUNCT;;;
35914;;;;;;;;;;;;;;;;;
35915;# sent = 2693;;;;;;;;;;;;;;;;
35916;;Томский;ТОМСКИЙ;A - nom sg plen m inan;;;...   _Томский_ политехнический институт .;й;и;к;с;м;о;A;ТОМСКИЙ;A - acc sg plen m inan;Й
35917;;политехнический;ПОЛИТЕХНИЧЕСКИЙ;A - nom sg plen m inan;;;  Томский _политехнический_ институт . ;й;и;к;с;е;ч;A;ПОЛИТЕХНИЧЕСКИЙ;A - acc sg plen m inan;Й
35918;;институт;ИНСТИТУТ;S m inan nom sg;;; Томский политехнический _институт_ .  ;т;у;т;и;т;с;S;ИНСТИТУТ;S m inan acc sg;Т
35919;;.;.;PUNCT;;;;;;;;;;PUNCT;;;
35920;;;;;;;;;;;;;;;;;
35921;# sent = 2694;;;;;;;;;;;;;;;;
35922;# speaker = Я;;;;;;;;;;;;;;;;
35923;# sent = 2695;;;;;;;;;;;;;;;;
35924;;Ммм;МММ;INTJ;;;   _Ммм_ ... чудесно ...;м;м;м;;;;INTJ;МММ;INTJ;М
35925;;...;...;PUNCT;;;;;;;;;;PUNCT;;;
35926;;чудесно;ЧУДЕСНО;ADV -;;; Ммм ... _чудесно_ ...  ;о;н;с;е;д;у;ADV;ЧУДЕСНО;ADV -;О
35927;;...;...;PUNCT;;;;;;;;;;PUNCT;;;
35928;;;;;;;;;;;;;;;;;
35929;# sent = 2696;;;;;;;;;;;;;;;;
35930;# speaker = Бабушка;;;;;;;;;;;;;;;;
35931;# sent = 2697;;;;;;;;;;;;;;;;
35932;;Машиностроительный;МАШИНОСТРОИТЕЛЬНЫЙ;A - nom sg plen m -;;;   _Машиностроительный_ факультет ... ;й;ы;н;ь;л;е;A;МАШИНОСТРОИТЕЛЬНЫЙ;A - nom sg plen m -;Й
35933;;факультет;ФАКУЛЬТЕТ;S m inan nom sg;;;  Машиностроительный _факультет_ ...  ;т;е;т;ь;л;у;S;ФАКУЛЬТЕТ;S m inan nom sg;Т
35934;;...;...;PUNCT;;;;;;;;;;PUNCT;;;
35935;;;;;;;;;;;;;;;;;
35936;# sent = 2698;;;;;;;;;;;;;;;;
35937;# speaker = Я;;;;;;;;;;;;;;;;
35938;# sent = 2699;;;;;;;;;;;;;;;;
35939;;мгм;МГМ;NONLEX;;;   _мгм_ ...  ;м;г;м;;;;NONLEX;МГМ;NONLEX;М
35940;;...;...;PUNCT;;;;;;;;;;PUNCT;;;
35941;;;;;;;;;;;;;;;;;
35942;# sent = 2700;;;;;;;;;;;;;;;;
35943;# speaker = Бабушка;;;;;;;;;;;;;;;;
35944;# sent = 2701;;;;;;;;;;;;;;;;
35945;;Жили;ЖИТЬ;V ipf praet pl indic - -;;;   _Жили_ мы весело конечно;и;л;и;ж;;;V;ЖИТЬ;V ipf praet pl indic - -;Ь
35946;;мы;МЫ;SPRO pl 1p - nom;;;  Жили _мы_ весело конечно же;ы;м;;;;;SPRO;МЫ;SPRO pl 1p - nom;Ы
35947;;весело;ВЕСЕЛО;ADV -;;; Жили мы _весело_ конечно же ,;о;л;е;с;е;в;ADV;ВЕСЕЛО;ADV -;О
35948;;конечно;КОНЕЧНО;ADV -;;;Жили мы весело _конечно_ же , жили;о;н;ч;е;н;о;ADV;КОНЕЧНО;ADV -;О
35949;;же;ЖЕ;PART;;;мы весело конечно _же_ , жили в;е;ж;;;;;PART;ЖЕ;PART;Е
35950;;,;,;PUNCT;;;;;;;;;;PUNCT;;;
35951;;жили;ЖИТЬ;V ipf praet pl indic - -;;;конечно же , _жили_ в общежитии .;и;л;и;ж;;;V;ЖИТЬ;V ipf praet pl indic - -;Ь
35952;;в;В;PR;;;же , жили _в_ общежитии . ;в;;;;;;PR;В;PR;В
35953;;общежитии;ОБЩЕЖИТИЕ;S n inan loc sg;;;, жили в _общежитии_ .  ;и;и;т;и;ж;е;S;ОБЩЕЖИТИЕ;S n inan loc sg;Е
35954;;.;.;PUNCT;;;;;;;;;;PUNCT;;;
35955;;;;;;;;;;;;;;;;;
35956;# sent = 2702;;;;;;;;;;;;;;;;
35957;;Студен;СТУДЕН;NONLEX;;;.   _Студен_ ... студенческий городок;н;е;д;у;т;с;NONLEX;СТУДЕН;NONLEX;Н
35958;;...;...;PUNCT;;;;;;;;;;PUNCT;;;
35959;;студенческий;СТУДЕНЧЕСКИЙ;A - nom sg plen m inan;;; Студен ... _студенческий_ городок ... ;й;и;к;с;е;ч;A;СТУДЕНЧЕСКИЙ;A - acc sg plen m inan;Й
35960;;городок;ГОРОДОК;S m inan nom;;;Студен ... студенческий _городок_ ...  ;к;о;д;о;р;о;S;ГОРОДОК;S m inan acc sg;К
35961;;...;...;PUNCT;;;;;;;;;;PUNCT;;;
35962;;;;;;;;;;;;;;;;;
35963;# sent = 2703;;;;;;;;;;;;;;;;
35964;;То есть;ТО ЕСТЬ;CONJ;;;...   _То есть_ там ... расположены;ь;т;с;е; ;о;CONJ;То есть;ADV -;Ь
35965;;там;ТАМ;ADV -;;;  То есть _там_ ... расположены ;м;а;т;;;;ADV;ТАМ;ADV -;М
35966;;...;...;PUNCT;;;;;;;;;;PUNCT;;;
35967;;расположены;РАСПОЛОЖЕННЫЙ;A - - pl brev - -;;;То есть там ... _расположены_  всееэ ;ы;н;е;ж;о;л;A;РАСПОЛОЖЕННЫЙ;A - - pl brev - -;Й
35968;"<distinct form=""";;;;;;;;;;;;;;;;
35969;<dist>;всееэ;;;;;;;;;;;;;;;
35970;""">";;;;;;;;;;;;;;;;
35971;;все;ВСЕ;PART;;; всееэ  _все_  ... все;е;с;в;;;;PART;ВСЕ;PART;Е
35972;</distinct>;;;;;;;;;;;;;;;;
35973;;...;...;PUNCT;;;;;;;;;;PUNCT;;;
35974;;все;ВЕСЬ;APRO - nom pl plen - -;;;все  ... _все_ общежития политехнического института;е;с;в;;;;APRO;ВЕСЬ;A - nom pl plen - -;Ь
35975;;общежития;ОБЩЕЖИТИЕ;S n inan nom pl;;; ... все _общежития_ политехнического института .;я;и;т;и;ж;е;S;ОБЩЕЖИТИЕ;S n inan nom pl;Е
35976;;политехнического;ПОЛИТЕХНИЧЕСКИЙ;A - gen sg plen m -;;;... все общежития _политехнического_ института . ;о;г;о;к;с;е;A;ПОЛИТЕХНИЧЕСКИЙ;A - gen sg plen m -;Й
35977;;института;ИНСТИТУТ;S m inan gen sg;;;все общежития политехнического _института_ .  ;а;т;у;т;и;т;S;ИНСТИТУТ;S m inan gen sg;Т
35978;;.;.;PUNCT;;;;;;;;;;PUNCT;;;
35979;;;;;;;;;;;;;;;;;
35980;# sent = 2704;;;;;;;;;;;;;;;;
35981;;Аа;АА;INTJ;;;.   _Аа_ , ну какие;а;а;;;;;INTJ;АА;NONLEX;А
35982;;,;,;PUNCT;;;;;;;;;;PUNCT;;;
35983;;ну;НУ;PART;;; Аа , _ну_ какие моменты именно;у;н;;;;;PART;НУ;PART;У
35984;;какие;КАКОЙ;APRO - nom pl plen - -;;;Аа , ну _какие_ моменты именно можно;е;и;к;а;к;;APRO;КАКОЙ;A - nom pl plen - -;Й
35985;;моменты;МОМЕНТ;S m inan nom pl;;;, ну какие _моменты_ именно можно вот;ы;т;н;е;м;о;S;МОМЕНТ;S m inan nom pl;Т
35986;;именно;ИМЕННО;PART;;;ну какие моменты _именно_ можно вот вспомнить;о;н;н;е;м;и;PART;ИМЕННО;PART;О
35987;;можно;МОЖНО;PRAEDIC;;;какие моменты именно _можно_ вот вспомнить ?;о;н;ж;о;м;;PRAEDIC;МОЖНО;PRAEDIC;О
35988;;вот;ВОТ;PART;;;моменты именно можно _вот_ вспомнить ? ;т;о;в;;;;PART;ВОТ;PART;Т
35989;;вспомнить;ВСПОМНИТЬ;V pf - - inf - -;;;именно можно вот _вспомнить_ ?  ;ь;т;и;н;м;о;V;ВСПОМНИТЬ;V pf - - inf - -;Ь
35990;;?;?;PUNCT;;;;;;;;;;PUNCT;;;
35991;;;;;;;;;;;;;;;;;
35992;# sent = 2705;;;;;;;;;;;;;;;;
35993;;Так;ТАК;ADV -;;;?   _Так_ сразу то раз;к;а;т;;;;ADV;ТАК;ADV -;К
35994;;сразу;СРАЗУ;ADV -;;;  Так _сразу_ то раз ии;у;з;а;р;с;;ADV;СРАЗУ;ADV -;У
35995;;то;ТО;PART;;; Так сразу _то_ раз ии ...;о;т;;;;;PART;ТО;PART;О
35996;;раз;РАЗ;ADV;;;Так сразу то _раз_ ии ... трудно;з;а;р;;;;S;РАЗ;S m inan acc sg;З
35997;;ии;И;CONJ;;;сразу то раз _ии_ ... трудно что-либо;и;и;;;;;CONJ;И;CONJ;И
35998;;...;...;PUNCT;;;;;;;;;;PUNCT;;;
35999;;трудно;ТРУДНО;ADV -;;;раз ии ... _трудно_ что-либо вспомнить .;о;н;д;у;р;т;ADV;ТРУДНО;ADV -;О
36000;;что-либо;ЧТО-ЛИБО;SPRO n inan acc sg;;;ии ... трудно _что-либо_ вспомнить . ;о;б;и;л;-;о;SPRO;ЧТО-ЛИБО;S n - acc sg;О
36001;;вспомнить;ВСПОМНИТЬ;V pf - - inf - -;;;... трудно что-либо _вспомнить_ .  ;ь;т;и;н;м;о;V;ВСПОМНИТЬ;V pf - - inf - -;Ь
36002;;.;.;PUNCT;;;;;;;;;;PUNCT;;;
36003;;;;;;;;;;;;;;;;;
36004;# sent = 2706;;;;;;;;;;;;;;;;
36005;;Ну;НУ;PART;;;.   _Ну_ ма ... могу;у;н;;;;;PART;НУ;PART;У
36006;;ма;МА;NONLEX;;;  Ну _ма_ ... могу вот;а;м;;;;;NONLEX;МА;NONLEX;А
36007;;...;...;PUNCT;;;;;;;;;;PUNCT;;;
36008;;могу;МОЧЬ;V ipf praes sg indic - 1p;;;Ну ма ... _могу_ вот вспомнить мы;у;г;о;м;;;V;МОЧЬ;V ipf praes sg indic - 1p;Ь
36009;;вот;ВОТ;PART;;;ма ... могу _вот_ вспомнить мы ...;т;о;в;;;;PART;ВОТ;PART;Т
36010;;вспомнить;ВСПОМНИТЬ;V pf - - inf - -;;;... могу вот _вспомнить_ мы ... очень;ь;т;и;н;м;о;V;ВСПОМНИТЬ;V pf - - inf - -;Ь
36011;;мы;МЫ;SPRO pl 1p - nom;;;могу вот вспомнить _мы_ ... очень любили;ы;м;;;;;SPRO;МЫ;SPRO pl 1p - nom;Ы
36012;;...;...;PUNCT;;;;;;;;;;PUNCT;;;
36013;;очень;ОЧЕНЬ;ADV -;;;вспомнить мы ... _очень_ любили ходить в;ь;н;е;ч;о;;ADV;ОЧЕНЬ;ADV -;Ь
36014;;любили;ЛЮБИТЬ;V ipf praet pl indic - -;;;мы ... очень _любили_ ходить в походы;и;л;и;б;ю;л;V;ЛЮБИТЬ;V ipf praet pl indic - -;Ь
36015;;ходить;ХОДИТЬ;V ipf - - inf - -;;;... очень любили _ходить_ в походы .;ь;т;и;д;о;х;V;ХОДИТЬ;V ipf - - inf - -;Ь
36016;;в;В;PR;;;очень любили ходить _в_ походы . ;в;;;;;;PR;В;PR;В
36017;;походы;ПОХОД;S m inan acc pl;;;любили ходить в _походы_ .  ;ы;д;о;х;о;п;S;ПОХОД;S m inan acc pl;Д
36018;;.;.;PUNCT;;;;;;;;;;PUNCT;;;
36019;;;;;;;;;;;;;;;;;
36020;# sent = 2707;;;;;;;;;;;;;;;;
36021;# speaker = Я;;;;;;;;;;;;;;;;
36022;# sent = 2708;;;;;;;;;;;;;;;;
36023;;мгмм;МГММ;INTJ;;;   _мгмм_ ...  ;м;м;г;м;;;NONLEX;МГММ;NONLEX;М
36024;;...;...;PUNCT;;;;;;;;;;PUNCT;;;
36025;;;;;;;;;;;;;;;;;
36026;# sent = 2709;;;;;;;;;;;;;;;;
36027;# speaker = Бабушка;;;;;;;;;;;;;;;;
36028;# sent = 2710;;;;;;;;;;;;;;;;
36029;;В;В;PR;;;   _В_ походы ходили ммм;в;;;;;;PR;В;PR;В
36030;;походы;ПОХОД;S m inan acc pl;;;  В _походы_ ходили ммм в;ы;д;о;х;о;п;S;ПОХОД;S m inan acc pl;Д
36031;;ходили;ХОДИТЬ;V ipf praet pl indic - -;;; В походы _ходили_ ммм в начале;и;л;и;д;о;х;V;ХОДИТЬ;V ipf praet pl indic - -;Ь
36032;;ммм;МММ;INTJ;;;В походы ходили _ммм_ в начале мая;м;м;м;;;;S;МММ;S n inan loc sg;М
36033;;в;В;PR;;;походы ходили ммм _в_ начале мая ,;в;;;;;;PR;В;PR;В
36034;;начале;НАЧАЛО;S n inan loc sg;;;ходили ммм в _начале_ мая , вот;е;л;а;ч;а;н;S;НАЧАЛО;S n inan loc sg;О
36035;;мая;МАЙ;S m inan gen sg;;;ммм в начале _мая_ , вот эээ;я;а;м;;;;S;МАЙ;S m inan gen sg;Й
36036;;,;,;PUNCT;;;;;;;;;;PUNCT;;;
36037;;вот;ВОТ;PART;;;начале мая , _вот_ эээ это было;т;о;в;;;;PART;ВОТ;PART;Т
36038;;эээ;ЭЭЭ;INTJ;;;мая , вот _эээ_ это было на;э;э;э;;;;NONLEX;ЭЭЭ;NONLEX;Э
36039;;это;ЭТО;SPRO n - nom sg;;;, вот эээ _это_ было на третьем;о;т;э;;;;SPRO;ЭТО;S n - nom sg;О
36040;;было;БЫТЬ;V ipf praet sg indic n -;;;вот эээ это _было_ на третьем курсе;о;л;ы;б;;;V;БЫТЬ;V ipf praet sg indic n -;Ь
36041;;на;НА;PR;;;эээ это было _на_ третьем курсе бы;а;н;;;;;PR;НА;PR;А
36042;;третьем;ТРЕТИЙ;ANUM - loc sg plen m -;;;это было на _третьем_ курсе бы ...;м;е;ь;т;е;р;ANUM;ТРЕТИЙ;A - loc sg plen m -;Й
36043;;курсе;КУРС;S m inan loc sg;;;было на третьем _курсе_ бы ... эээ;е;с;р;у;к;;S;КУРС;S m inan loc sg;С
36044;;бы;БЫ;PART;;;на третьем курсе _бы_ ... эээ мы;ы;б;;;;;PART;БЫ;PART;Ы
36045;;...;...;PUNCT;;;;;;;;;;PUNCT;;;
36046;;эээ;ЭЭЭ;INTJ;;;курсе бы ... _эээ_ мы ходили .;э;э;э;;;;NONLEX;ЭЭЭ;NONLEX;Э
36047;;мы;МЫ;SPRO pl 1p - nom;;;бы ... эээ _мы_ ходили . ;ы;м;;;;;SPRO;МЫ;SPRO pl 1p - nom;Ы
36048;;ходили;ХОДИТЬ;V ipf praet pl indic - -;;;... эээ мы _ходили_ .  ;и;л;и;д;о;х;V;ХОДИТЬ;V ipf praet pl indic - -;Ь
36049;;.;.;PUNCT;;;;;;;;;;PUNCT;;;
36050;;;;;;;;;;;;;;;;;
36051;# sent = 2711;;;;;;;;;;;;;;;;
36052;;Ну;НУ;PART;;;.   _Ну_ соответственно наша комната;у;н;;;;;PART;НУ;PART;У
36053;;соответственно;СООТВЕТСТВЕННО;PARENTH;;;  Ну _соответственно_ наша комната ээ;о;н;н;е;в;т;ADV;СООТВЕТСТВЕННО;ADV -;О
36054;;наша;НАШ;APRO - nom sg plen f -;;; Ну соответственно _наша_ комната ээ у;а;ш;а;н;;;APRO;НАШ;A - nom sg plen f -;Ш
36055;;комната;КОМНАТА;S f inan nom sg;;;Ну соответственно наша _комната_ ээ у нас;а;т;а;н;м;о;S;КОМНАТА;S f inan nom sg;А
36056;;ээ;ЭЭ;INTJ;;;соответственно наша комната _ээ_ у нас ;э;э;;;;;NONLEX;ЭЭ;NONLEX;Э
36057;;у;У;PR;;;наша комната ээ _у_ нас  былиии;у;;;;;;PR;У;PR;У
36058;;нас;МЫ;SPRO pl 1p - loc;;;комната ээ у _нас_  былиии ;с;а;н;;;;SPRO;МЫ;SPRO pl 1p - loc;Ы
36059;"<distinct form=""";;;;;;;;;;;;;;;;
36060;<dist>;былиии;;;;;;;;;;;;;;;
36061;""">";;;;;;;;;;;;;;;;
36062;;были;БЫТЬ;V ipf praet pl indic - -;;; былиии  _были_  знакомые мальчики;и;л;ы;б;;;V;БЫТЬ;V ipf praet pl indic - -;Ь
36063;</distinct>;;;;;;;;;;;;;;;;
36064;;знакомые;ЗНАКОМЫЙ;A - nom pl plen - -;;; были  _знакомые_ мальчики , вот;е;ы;м;о;к;а;A;ЗНАКОМЫЙ;A - nom pl plen - -;Й
36065;;мальчики;МАЛЬЧИК;S m anim nom pl;;;были  знакомые _мальчики_ , вот ,;и;к;и;ч;ь;л;S;МАЛЬЧИК;S m anim nom pl;К
36066;;,;,;PUNCT;;;;;;;;;;PUNCT;;;
36067;;вот;ВОТ;PART;;;знакомые мальчики , _вот_ , и вот;т;о;в;;;;PART;ВОТ;PART;Т
36068;;,;,;PUNCT;;;;;;;;;;PUNCT;;;
36069;;и;И;CONJ;;;, вот , _и_ вот мы хо;и;;;;;;CONJ;И;CONJ;И
36070;;вот;ВОТ;PART;;;вот , и _вот_ мы хо ...;т;о;в;;;;PART;ВОТ;PART;Т
36071;;мы;МЫ;SPRO pl 1p - nom;;;, и вот _мы_ хо ... ходили;ы;м;;;;;SPRO;МЫ;SPRO pl 1p - nom;Ы
36072;;хо;ХО;INTJ;;;и вот мы _хо_ ... ходили нашей;о;х;;;;;NONLEX;ХО;NONLEX;О
36073;;...;...;PUNCT;;;;;;;;;;PUNCT;;;
36074;;ходили;ХОДИТЬ;V ipf praet pl indic - -;;;мы хо ... _ходили_ нашей комнатой и;и;л;и;д;о;х;V;ХОДИТЬ;V ipf praet pl indic - -;Ь
36075;;нашей;НАШ;APRO - ins sg plen f -;;;хо ... ходили _нашей_ комнатой и их;й;е;ш;а;н;;APRO;НАШ;A - gen sg plen f -;Ш
36076;;комнатой;КОМНАТА;S f inan ins sg;;;... ходили нашей _комнатой_ и их комнатой;й;о;т;а;н;м;S;КОМНАТА;S f inan ins sg;А
36077;;и;И;CONJ;;;ходили нашей комнатой _и_ их комнатой в;и;;;;;;CONJ;И;CONJ;И
36078;;их;ИХ;APRO;;;нашей комнатой и _их_ комнатой в поход;х;и;;;;;APRO;ИХ;A - nonflex - plen - -;Х
36079;;комнатой;КОМНАТА;S f inan ins sg;;;комнатой и их _комнатой_ в поход .;й;о;т;а;н;м;S;КОМНАТА;S f inan ins sg;А
36080;;в;В;PR;;;и их комнатой _в_ поход . ;в;;;;;;PR;В;PR;В
36081;;поход;ПОХОД;S m inan acc sg;;;их комнатой в _поход_ .  ;д;о;х;о;п;;S;ПОХОД;S m inan acc sg;Д
36082;;.;.;PUNCT;;;;;;;;;;PUNCT;;;
36083;;;;;;;;;;;;;;;;;
36084;# sent = 2712;;;;;;;;;;;;;;;;
36085;;Эээ;ЭЭЭ;INTJ;;;.   _Эээ_ устрайв ... ;э;э;э;;;;NONLEX;ЭЭЭ;NONLEX;Э
36086;;устрайв;УСТРАЙВ;NONLEX;;;  Эээ _устрайв_ ...  ;в;й;а;р;т;с;S;УСТРАЙВ;S m inan acc sg;В
36087;;...;...;PUNCT;;;;;;;;;;PUNCT;;;
36088;;;;;;;;;;;;;;;;;
36089;# sent = 2713;;;;;;;;;;;;;;;;
36090;"<distinct form=""";;;;;;;;;;;;;;;;
36091;<dist>;устроилиии;;;;;;;;;;;;;;;
36092;""">";;;;;;;;;;;;;;;;
36093;;устроили;УСТРОИТЬ;V pf praet pl indic - -;;; устроилиии  _устроили_  там ди;и;л;и;о;р;т;V;УСТРОИТЬ;V pf praet pl indic - -;Ь
36094;</distinct>;;;;;;;;;;;;;;;;
36095;;там;ТАМ;ADV -;;; устроили  _там_ ди ... ээ;м;а;т;;;;ADV;ТАМ;ADV -;М
36096;;ди;ДИ;NONLEX;;;устроили  там _ди_ ... ээ как раз;и;д;;;;;S;ДИ;S f inan loc sg;И
36097;;...;...;PUNCT;;;;;;;;;;PUNCT;;;
36098;;ээ;ЭЭ;INTJ;;;там ди ... _ээ_ как раз это было;э;э;;;;;NONLEX;ЭЭ;NONLEX;Э
36099;;как раз;как раз;ADV -;;;ди ... ээ _как раз_ это было на;з;а;р; ;к;а;ADV;как раз;ADV -;з
36100;;это;ЭТО;SPRO n - nom sg;;;... ээ как раз _это_ было на первое;о;т;э;;;;SPRO;ЭТО;S n - nom sg;О
36101;;было;БЫТЬ;V ipf praet sg indic n -;;;ээ как раз это _было_ на первое мая;о;л;ы;б;;;V;БЫТЬ;V ipf praet sg indic n -;Ь
36102;;на;НА;PR;;;как раз это было _на_ первое мая устроили;а;н;;;;;PR;НА;PR;А
36103;;первое;ПЕРВЫЙ;ANUM - acc sg plen n inan;;;это было на _первое_ мая устроили там;е;о;в;р;е;п;A;ПЕРВЫЙ;A - acc sg plen n inan;Й
36104;;мая;МАЙ;S m inan gen sg;;;было на первое _мая_ устроили там демонстрацию;я;а;м;;;;S;МАЙ;S m inan gen sg;Й
36105;;устроили;УСТРОИТЬ;V pf praet pl indic - -;;;на первое мая _устроили_ там демонстрацию .;и;л;и;о;р;т;V;УСТРОИТЬ;V pf praet pl indic - -;Ь
36106;;там;ТАМ;ADV -;;;первое мая устроили _там_ демонстрацию . ;м;а;т;;;;ADV;ТАМ;ADV -;М
36107;;демонстрацию;ДЕМОНСТРАЦИЯ;S f inan acc sg;;;мая устроили там _демонстрацию_ .  ;ю;и;ц;а;р;т;S;ДЕМОНСТРАЦИЯ;S f inan acc sg;Я
36108;;.;.;PUNCT;;;;;;;;;;PUNCT;;;
36109;;;;;;;;;;;;;;;;;
36110;# sent = 2714;;;;;;;;;;;;;;;;
36111;;То есть;ТО ЕСТЬ;CONJ;;;.   _То есть_ шли ахахах как будто;ь;т;с;е; ;о;CONJ;То есть;ADV -;Ь
36112;;шли;ИДТИ;V ipf praet pl indic - -;;;  То есть _шли_ ахахах как будто демонстрация;и;л;ш;;;;V;ИДТИ;V ipf praet pl indic - -;И
36113;;ахахах;АХАХ;INTJ;;; То есть шли _ахахах_ как будто демонстрация ...;х;а;х;а;х;а;S;АХАХ;S m anim loc pl;Х
36114;;как будто;КАК БУДТО;CONJ;;;То есть шли ахахах _как будто_ демонстрация ... лозунги;о;т;д;у;б; ;CONJ;как будто;CONJ;О
36115;;демонстрация;ДЕМОНСТРАЦИЯ;S f inan nom sg;;;шли ахахах как будто _демонстрация_ ... лозунги ...;я;и;ц;а;р;т;S;ДЕМОНСТРАЦИЯ;S m inan gen sg;Я
36116;;...;...;PUNCT;;;;;;;;;;PUNCT;;;
36117;;лозунги;ЛОЗУНГ;S m inan nom pl;;;как будто демонстрация ... _лозунги_ ... ахкхах кричали;и;г;н;у;з;о;S;ЛОЗУНГ;S m inan gen sg;Г
36118;;...;...;PUNCT;;;;;;;;;;PUNCT;;;
36119;;ахкхах;АХКХ;INTJ;;;... лозунги ... _ахкхах_ кричали а ...;х;а;х;к;х;а;S;АХКХ;S m anim loc pl;Х
36120;;кричали;КРИЧАТЬ;V ipf praet pl indic - -;;;лозунги ... ахкхах _кричали_ а ... это;и;л;а;ч;и;р;V;КРИЧАТЬ;V ipf praet pl indic - -;Ь
36121;;а;А;CONJ;;;... ахкхах кричали _а_ ... это самое;а;;;;;;CONJ;А;CONJ;А
36122;;...;...;PUNCT;;;;;;;;;;PUNCT;;;
36123;;это;ЭТО;SPRO n - nom sg;;;кричали а ... _это_ самое , флаги;о;т;э;;;;SPRO;ЭТО;S n - nom sg;О
36124;;самое;САМЫЙ;A - nom sg plen n -;;;а ... это _самое_ , флаги несли;е;о;м;а;с;;A;САМЫЙ;A - nom sg plen n -;Й
36125;;,;,;PUNCT;;;;;;;;;;PUNCT;;;
36126;;флаги;ФЛАГ;S m inan gen pl;;;это самое , _флаги_ несли , ну;и;г;а;л;ф;;S;ФЛАГ;S m inan nom pl;Г
36127;;несли;НЕСТИ;V ipf praet pl indic - -;;;самое , флаги _несли_ , ну ...;и;л;с;е;н;;V;НЕСТИ;V ipf praet pl indic - -;И
36128;;,;,;PUNCT;;;;;;;;;;PUNCT;;;
36129;;ну;НУ;PART;;;флаги несли , _ну_ ... соответственно древко;у;н;;;;;PART;НУ;PART;У
36130;;...;...;PUNCT;;;;;;;;;;PUNCT;;;
36131;;соответственно;СООТВЕТСТВЕННО;PARENTH;;;, ну ... _соответственно_ древко ээ ;о;н;н;е;в;т;ADV;СООТВЕТСТВЕННО;ADV -;О
36132;;древко;ДРЕВКО;S n inan nom sg;;;ну ... соответственно _древко_ ээ  несли;о;к;в;е;р;д;S;ДРЕВКО;S n inan nom sg;О
36133;;ээ;ЭЭ;INTJ;;;... соответственно древко _ээ_  несли ээ;э;э;;;;;NONLEX;ЭЭ;NONLEX;Э
36134;<noindex>[нрзб]</noindex>;;;;;;;;;;;;;;;;
36135;;несли;НЕСТИ;V ipf praet pl indic - -;;;древко ээ  _несли_ ээ там из;и;л;с;е;н;;V;НЕСТИ;V ipf praet pl indic - -;И
36136;;ээ;ЭЭ;INTJ;;;ээ  несли _ээ_ там из палки;э;э;;;;;NONLEX;ЭЭ;NONLEX;Э
36137;;там;ТАМ;ADV -;;; несли ээ _там_ из палки какой-нибудь;м;а;т;;;;ADV;ТАМ;ADV -;М
36138;;из;ИЗ;PR;;;несли ээ там _из_ палки какой-нибудь и;з;и;;;;;PR;ИЗ;PR;З
36139;;палки;ПАЛКА;S f inan gen sg;;;ээ там из _палки_ какой-нибудь и там;и;к;л;а;п;;S;ПАЛКА;S f inan gen sg;А
36140;;какой-нибудь;КАКОЙ-НИБУДЬ;APRO - nom sg plen m -;;;там из палки _какой-нибудь_ и там платок;ь;д;у;б;и;н;APRO;КАКОЙ-НИБУДЬ;A - gen sg plen f -;Ь
36141;;и;И;CONJ;;;из палки какой-нибудь _и_ там платок или;и;;;;;;CONJ;И;CONJ;И
36142;;там;ТАМ;ADV -;;;палки какой-нибудь и _там_ платок или что-то;м;а;т;;;;ADV;ТАМ;ADV -;М
36143;;платок;ПЛАТОК;S m inan nom sg;;;какой-нибудь и там _платок_ или что-то на;к;о;т;а;л;п;S;ПЛАТОК;S m inan acc sg;К
36144;;или;ИЛИ;CONJ;;;и там платок _или_ что-то на на;и;л;и;;;;CONJ;ИЛИ;CONJ;И
36145;;что-то;ЧТО-ТО;SPRO n inan nom sg;;;там платок или _что-то_ на на ...;о;т;-;о;т;ч;SPRO;ЧТО-ТО;S n - nom sg;О
36146;;на;НА;PR;;;платок или что-то _на_ на ... на;а;н;;;;;PR;НА;PR;А
36147;;на;НА;PR;;;или что-то на _на_ ... на ...;а;н;;;;;PR;НА;PR;А
36148;;...;...;PUNCT;;;;;;;;;;PUNCT;;;
36149;;на;НА;PR;;;на на ... _на_ ... на нем;а;н;;;;;PR;НА;PR;А
36150;;...;...;PUNCT;;;;;;;;;;PUNCT;;;
36151;;на;НА;PR;;;... на ... _на_ нем  воот;а;н;;;;;PR;НА;PR;А
36152;;нем;ОН;SPRO - loc sg plen m -;;;на ... на _нем_  воот ;м;е;н;;;;A;НЕМОЙ;A - dat sg plen n -;Н
36153;"<distinct form=""";;;;;;;;;;;;;;;;
36154;<dist>;воот;;;;;;;;;;;;;;;
36155;""">";;;;;;;;;;;;;;;;
36156;;вот;ВОТ;PART;;; воот  _вот_  . ;т;о;в;;;;PART;ВОТ;PART;Т
36157;</distinct>;;;;;;;;;;;;;;;;
36158;;.;.;PUNCT;;;;;;;;;;PUNCT;;;
36159;;;;;;;;;;;;;;;;;
36160;# sent = 2715;;;;;;;;;;;;;;;;
36161;;Эээ;ЭЭЭ;INTJ;;;.   _Эээ_ так получилось что;э;э;э;;;;NONLEX;ЭЭЭ;NONLEX;Э
36162;;так;ТАК;ADV -;;;  Эээ _так_ получилось что ууу;к;а;т;;;;ADV;ТАК;ADV -;К
36163;;получилось;ПОЛУЧИТЬСЯ;V pf praet sg indic n -;;; Эээ так _получилось_ что ууу я;ь;с;о;л;и;ч;V;ПОЛУЧИТЬСЯ;V pf praet sg indic n -;Я
36164;;что;ЧТО;CONJ;;;Эээ так получилось _что_ ууу я ...;о;т;ч;;;;CONJ;ЧТО;CONJ;О
36165;;ууу;УУУ;INTJ;;;так получилось что _ууу_ я ... я;у;у;у;;;;INTJ;УУУ;S m anim nonflex -;У
36166;;я;Я;SPRO sg 1p - nom;;;получилось что ууу _я_ ... я это;я;;;;;;SPRO;Я;SPRO sg 1p - nom;Я
36167;;...;...;PUNCT;;;;;;;;;;PUNCT;;;
36168;;я;Я;SPRO sg 1p - nom;;;ууу я ... _я_ это самое ммм;я;;;;;;SPRO;Я;SPRO sg 1p - nom;Я
36169;;это;ЭТО;SPRO n - nom sg;;;я ... я _это_ самое ммм ...;о;т;э;;;;SPRO;ЭТО;S n - nom sg;О
36170;;самое;САМЫЙ;A - nom sg plen n -;;;... я это _самое_ ммм ... как;е;о;м;а;с;;A;САМЫЙ;A - nom sg plen n -;Й
36171;;ммм;МММ;INTJ;;;я это самое _ммм_ ... как это;м;м;м;;;;INTJ;МММ;INTJ;М
36172;;...;...;PUNCT;;;;;;;;;;PUNCT;;;
36173;;как;КАК;ADV -;;;самое ммм ... _как_ это ... ну;к;а;к;;;;ADV;КАК;ADV -;К
36174;;это;ЭТО;PART;;;ммм ... как _это_ ... ну упа;о;т;э;;;;PART;ЭТО;PART;О
36175;;...;...;PUNCT;;;;;;;;;;PUNCT;;;
36176;;ну;НУ;PART;;;как это ... _ну_ упа ... упала;у;н;;;;;PART;НУ;PART;У
36177;;упа;УПА;NONLEX;;;это ... ну _упа_ ... упала с;а;п;у;;;;NONLEX;УПА;NONLEX;А
36178;;...;...;PUNCT;;;;;;;;;;PUNCT;;;
36179;;упала;УПАСТЬ;V pf praet sg indic f -;;;ну упа ... _упала_ с эээ с;а;л;а;п;у;;V;УПАСТЬ;V pf praet sg indic f -;Ь
36180;;с;С;PR;;;упа ... упала _с_ эээ с ...;с;;;;;;PR;С;S - - nonflex -;С
36181;;эээ;ЭЭЭ;INTJ;;;... упала с _эээ_ с ... с;э;э;э;;;;NONLEX;ЭЭЭ;NONLEX;Э
36182;;с;С;PR;;;упала с эээ _с_ ... с пенька;с;;;;;;PR;С;PR;С
36183;;...;...;PUNCT;;;;;;;;;;PUNCT;;;
36184;;с;С;PR;;;эээ с ... _с_ пенька там в;с;;;;;;PR;С;PR;С
36185;;пенька;ПЕНЕК;S m inan gen sg;;;с ... с _пенька_ там в воду;а;к;ь;н;е;п;S;ПЕНЕК;S m inan gen sg;К
36186;;там;ТАМ;ADV -;;;... с пенька _там_ в воду ,;м;а;т;;;;ADV;ТАМ;ADV -;М
36187;;в;В;PR;;;с пенька там _в_ воду , вот;в;;;;;;PR;В;PR;В
36188;;воду;ВОДА;S f inan acc sg;;;пенька там в _воду_ , вот ,;у;д;о;в;;;S;ВОДА;S f inan acc sg;А
36189;;,;,;PUNCT;;;;;;;;;;PUNCT;;;
36190;;вот;ВОТ;PART;;;в воду , _вот_ , па ...;т;о;в;;;;PART;ВОТ;PART;Т
36191;;,;,;PUNCT;;;;;;;;;;PUNCT;;;
36192;;па;ПА;NONLEX;;;, вот , _па_ ... потом холодно;а;п;;;;;NONLEX;ПА;S m inan nonflex -;А
36193;;...;...;PUNCT;;;;;;;;;;PUNCT;;;
36194;;потом;ПОТОМ;ADV -;;;, па ... _потом_ холодно было так;м;о;т;о;п;;ADV;ПОТОМ;ADV -;М
36195;;холодно;ХОЛОДНО;ADV -;;;па ... потом _холодно_ было так ;о;н;д;о;л;о;ADV;ХОЛОДНО;ADV -;О
36196;;было;БЫТЬ;V ipf praet sg indic n -;;;... потом холодно _было_ так  чтооо;о;л;ы;б;;;V;БЫТЬ;V ipf praet sg indic n -;Ь
36197;;так;ТАК;ADV -;;;потом холодно было _так_  чтооо ;к;а;т;;;;ADV;ТАК;ADV -;К
36198;"<distinct form=""";;;;;;;;;;;;;;;;
36199;<dist>;чтооо;;;;;;;;;;;;;;;
36200;""">";;;;;;;;;;;;;;;;
36201;;что;ЧТО;CONJ;;; чтооо  _что_  впо ...;о;т;ч;;;;CONJ;ЧТО;CONJ;О
36202;</distinct>;;;;;;;;;;;;;;;;
36203;;впо;;NONLEX;;; что  _впо_ ... потом все;о;п;в;;;;S;ВПО;S n inan nonflex -;
36204;;...;...;PUNCT;;;;;;;;;;PUNCT;;;
36205;;потом;ПОТОМ;ADV -;;; впо ... _потом_ все это сушили;м;о;т;о;п;;ADV;ПОТОМ;ADV -;М
36206;;все;ВСЕ;S - - nom pl;;;впо ... потом _все_ это сушили на;е;с;в;;;;S;ВСЕ;S - - nom pl;Е
36207;;это;ЭТО;SPRO n - acc sg;;;... потом все _это_ сушили на костре;о;т;э;;;;SPRO;ЭТО;S n inan acc sg;О
36208;;сушили;СУШИТЬ;V ipf praet pl indic - -;;;потом все это _сушили_ на костре ,;и;л;и;ш;у;с;V;СУШИТЬ;V ipf praet pl indic - -;Ь
36209;;на;НА;PR;;;все это сушили _на_ костре , песни;а;н;;;;;PR;НА;PR;А
36210;;костре;КОСТЕР;S m inan loc sg;;;это сушили на _костре_ , песни пели;е;р;т;с;о;к;S;КОСТЕР;S m inan loc sg;Р
36211;;,;,;PUNCT;;;;;;;;;;PUNCT;;;
36212;;песни;ПЕСНЯ;S m inan acc pl;;;на костре , _песни_ пели , косте;и;н;с;е;п;;S;ПЕСНЯ;S f inan acc pl;Я
36213;;пели;ПЕТЬ;V ipf praet pl indic - -;;;костре , песни _пели_ , косте ...;и;л;е;п;;;V;ПЕТЬ;V ipf praet pl indic - -;Ь
36214;;,;,;PUNCT;;;;;;;;;;PUNCT;;;
36215;;косте;КОСТЕР;NONLEX;;;песни пели , _косте_ ... костер жгли;е;т;с;о;к;;S;КОСТЯ;S m inan gen sg;Р
36216;;...;...;PUNCT;;;;;;;;;;PUNCT;;;
36217;;костер;КОСТЕР;S m inan acc sg;;;, косте ... _костер_ жгли  пщем;р;е;т;с;о;к;S;КОСТЕР;S m inan acc sg;Р
36218;;жгли;ЖЕЧЬ;V ipf praet pl indic - -;;;косте ... костер _жгли_  пщем ;и;л;г;ж;;;V;ЖЕЧЬ;V ipf praet pl indic - -;Ь
36219;"<distinct form=""";;;;;;;;;;;;;;;;
36220;<dist>;пщем;;;;;;;;;;;;;;;
36221;""">";;;;;;;;;;;;;;;;
36222;;в;В;PR;;; пщем  _в_ общем  было;в;;;;;;PR;В;PR;В
36223;;общем;ОБЩИЙ;A - loc sg plen m -;;;пщем  в _общем_  было очень;м;е;щ;б;о;;A;ОБЩИЙ;A - loc sg plen m -;Й
36224;</distinct>;;;;;;;;;;;;;;;;
36225;;было;БЫТЬ;V ipf praet sg indic n -;;;в общем  _было_ очень здорово ...;о;л;ы;б;;;V;БЫТЬ;V ipf praet sg indic n -;Ь
36226;;очень;ОЧЕНЬ;ADV -;;;общем  было _очень_ здорово ... вот;ь;н;е;ч;о;;ADV;ОЧЕНЬ;ADV -;Ь
36227;;здорово;ЗДОРОВО;ADV -;;; было очень _здорово_ ... вот ;о;в;о;р;о;д;ADV;ЗДОРОВО;ADV -;О
36228;;...;...;PUNCT;;;;;;;;;;PUNCT;;;
36229;;вот;ВОТ;PART;;;очень здорово ... _вот_   ;т;о;в;;;;PART;ВОТ;PART;Т
36230;;;;;;;;;;;;;;;;;
36231;# sent = 2716;;;;;;;;;;;;;;;;
36232;# speaker = Я;;;;;;;;;;;;;;;;
36233;# sent = 2717;;;;;;;;;;;;;;;;
36234;;Ясно;ЯСНО;ADV -;;;   _Ясно_ , а куда;о;н;с;я;;;ADV;ЯСНО;ADV -;О
36235;;,;,;PUNCT;;;;;;;;;;PUNCT;;;
36236;;а;А;CONJ;;; Ясно , _а_ куда ходили ..?;а;;;;;;CONJ;А;CONJ;А
36237;;куда;КУДА;ADV -;;;Ясно , а _куда_ ходили ..? ;а;д;у;к;;;ADV;КУДА;ADV -;А
36238;;ходили;ХОДИТЬ;V ipf praet pl indic - -;;;, а куда _ходили_ ..?  ;и;л;и;д;о;х;V;ХОДИТЬ;V ipf praet pl indic - -;Ь
36239;;..?;..?;PUNCT;;;;;;;;;;PUNCT;;;
36240;;;;;;;;;;;;;;;;;
36241;# sent = 2718;;;;;;;;;;;;;;;;
36242;# speaker = Бабушка;;;;;;;;;;;;;;;;
36243;# sent = 2719;;;;;;;;;;;;;;;;
36244;;Это;ЭТО;SPRO n - nom sg;;;   _Это_  ффф ;о;т;э;;;;SPRO;ЭТО;S n - nom sg;О
36245;"<distinct form=""";;;;;;;;;;;;;;;;
36246;<dist>;ффф;;;;;;;;;;;;;;;
36247;""">";;;;;;;;;;;;;;;;
36248;;в;В;PR;;; ффф  _в_  пригородный лес;в;;;;;;PR;В;S - - nonflex -;В
36249;</distinct>;;;;;;;;;;;;;;;;
36250;;пригородный;ПРИГОРОДНЫЙ;A - acc sg plen m inan;;; в  _пригородный_ лес то есть мы;й;ы;н;д;о;р;A;ПРИГОРОДНЫЙ;A - acc sg plen m inan;Й
36251;;лес;ЛЕС;S m inan acc sg;;;в  пригородный _лес_ то есть мы ...;с;е;л;;;;S;ЛЕС;S m inan acc sg;С
36252;;то есть;то есть;CONJ;;; пригородный лес _то есть_ мы ... ;ь;т;с;е; ;о;CONJ;то есть;ADV -;ь
36253;;мы;МЫ;SPRO pl 1p - nom;;;пригородный лес то есть _мы_ ...  ;ы;м;;;;;SPRO;МЫ;SPRO pl 1p - nom;Ы
36254;;...;...;PUNCT;;;;;;;;;;PUNCT;;;
36255;;;;;;;;;;;;;;;;;
36256;# sent = 2720;;;;;;;;;;;;;;;;
36257;# speaker = Я;;;;;;;;;;;;;;;;
36258;# sent = 2721;;;;;;;;;;;;;;;;
36259;;мгмм;МГММ;INTJ;;;   _мгмм_   ;м;м;г;м;;;NONLEX;МГММ;NONLEX;М
36260;;;;;;;;;;;;;;;;;
36261;# sent = 2722;;;;;;;;;;;;;;;;
36262;# speaker = Бабушка;;;;;;;;;;;;;;;;
36263;# sent = 2723;;;;;;;;;;;;;;;;
36264;;Не;НЕ;PART;;;   _Не_ ... не далеко;е;н;;;;;PART;НЕ;PART;Е
36265;;...;...;PUNCT;;;;;;;;;;PUNCT;;;
36266;;не;НЕ;PART;;; Не ... _не_ далеко ходили а;е;н;;;;;PART;НЕ;PART;Е
36267;;далеко;ДАЛЕКО;ADV -;;;Не ... не _далеко_ ходили а в;о;к;е;л;а;д;ADV;ДАЛЕКО;ADV -;О
36268;;ходили;ХОДИТЬ;V ipf praet pl indic - -;;;... не далеко _ходили_ а в пригородный;и;л;и;д;о;х;V;ХОДИТЬ;V ipf praet pl indic - -;Ь
36269;;а;А;CONJ;;;не далеко ходили _а_ в пригородный лес;а;;;;;;CONJ;А;CONJ;А
36270;;в;В;PR;;;далеко ходили а _в_ пригородный лес .;в;;;;;;PR;В;PR;В
36271;;пригородный;ПРИГОРОДНЫЙ;A - acc sg plen m inan;;;ходили а в _пригородный_ лес . ;й;ы;н;д;о;р;A;ПРИГОРОДНЫЙ;A - acc sg plen m inan;Й
36272;;лес;ЛЕС;S m inan acc sg;;;а в пригородный _лес_ .  ;с;е;л;;;;S;ЛЕС;S m inan acc sg;С
36273;;.;.;PUNCT;;;;;;;;;;PUNCT;;;
36274;;;;;;;;;;;;;;;;;
36275;# sent = 2724;;;;;;;;;;;;;;;;
36276;;В;В;PR;;;.   _В_ то время это;в;;;;;;PR;В;PR;В
36277;;то;ТОТ;A - nom sg plen n inan;;;  В _то_ время это ...;о;т;;;;;A;ТОТ;A - acc sg plen n inan;Т
36278;;время;ВРЕМЯ;S n inan acc sg;;; В то _время_ это ... сейчас;я;м;е;р;в;;S;ВРЕМЯ;S n inan acc sg;Я
36279;;это;ЭТО;PART;;;В то время _это_ ... сейчас вот;о;т;э;;;;PART;ЭТО;S m inan gen sg;О
36280;;...;...;PUNCT;;;;;;;;;;PUNCT;;;
36281;;сейчас;СЕЙЧАС;ADV -;;;время это ... _сейчас_ вот допустим весной;с;а;ч;й;е;с;ADV;СЕЙЧАС;ADV -;С
36282;;вот;ВОТ;PART;;;это ... сейчас _вот_ допустим весной рано;т;о;в;;;;PART;ВОТ;PART;Т
36283;;допустим;ДОПУСТИТЬ;V pf - pl indic - 1p;;;... сейчас вот _допустим_ весной рано ;м;и;т;с;у;п;V;ДОПУСТИТЬ;V pf - pl imper - 1p;Ь
36284;;весной;ВЕСНА;S f inan ins sg;;;сейчас вот допустим _весной_ рано  туда;й;о;н;с;е;в;S;ВЕСНА;S f inan ins sg;А
36285;;рано;РАНО;ADV -;;;вот допустим весной _рано_  туда ;о;н;а;р;;;ADV;РАНО;ADV -;О
36286;"<distinct form=""";;;;;;;;;;;;;;;;
36287;<dist>;туда;;;;;;;;;;;;;;;
36288;""">";;;;;;;;;;;;;;;;
36289;;да;ДА;CONJ;;; туда  _да_  идти опасно;а;д;;;;;CONJ;ДА;CONJ;А
36290;</distinct>;;;;;;;;;;;;;;;;
36291;;идти;ИДТИ;V ipf - - inf - -;;; да  _идти_ опасно потому что клещи;и;т;д;и;;;V;ИДТИ;V ipf - - inf - -;И
36292;;опасно;ОПАСНО;ADV -;;;да  идти _опасно_ потому что клещи ,;о;н;с;а;п;о;ADV;ОПАСНО;ADV -;О
36293;;потому что;потому что;CONJ;;; идти опасно _потому что_ клещи , а;о;т;ч; ;у;м;CONJ;потому что;CONJ;о
36294;;клещи;КЛЕЩ;S m anim nom pl;;;идти опасно потому что _клещи_ , а в;и;щ;е;л;к;;S;КЛЕЩ;S m anim nom pl;Щ
36295;;,;,;PUNCT;;;;;;;;;;PUNCT;;;
36296;;а;А;CONJ;;;потому что клещи , _а_ в то время;а;;;;;;CONJ;А;CONJ;А
36297;;в;В;PR;;;клещи , а _в_ то время как;в;;;;;;PR;В;PR;В
36298;;то;ТОТ;A - acc sg plen n inan;;;, а в _то_ время как то;о;т;;;;;A;ТОТ;A - acc sg plen n inan;Т
36299;;время;ВРЕМЯ;S n inan acc sg;;;а в то _время_ как то не;я;м;е;р;в;;S;ВРЕМЯ;S n inan acc sg;Я
36300;;как;КАК;CONJ;;;в то время _как_ то не было;к;а;к;;;;CONJ;КАК;CONJ;К
36301;;то;ТО;SPRO n - nom sg;;;то время как _то_ не было так;о;т;;;;;SPRO;ТО;S n - nom sg;О
36302;;не;НЕ;PART;;;время как то _не_ было так .;е;н;;;;;PART;НЕ;PART;Е
36303;;было;БЫТЬ;V ipf praet sg indic n -;;;как то не _было_ так . ;о;л;ы;б;;;V;БЫТЬ;V ipf praet sg indic n -;Ь
36304;;так;ТАК;ADV -;;;то не было _так_ .  ;к;а;т;;;;ADV;ТАК;ADV -;К
36305;;.;.;PUNCT;;;;;;;;;;PUNCT;;;
36306;;;;;;;;;;;;;;;;;
36307;# sent = 2725;;;;;;;;;;;;;;;;
36308;;То есть;То есть;CONJ;;;.   _То есть_ сь ... семьдесят;ь;т;с;е; ;о;CONJ;То есть;ADV -;ь
36309;;сь;СЬ;NONLEX;;;  То есть _сь_ ... семьдесят третий;ь;с;;;;;NONLEX;СЬ;NONLEX;Ь
36310;;...;...;PUNCT;;;;;;;;;;PUNCT;;;
36311;;семьдесят;СЕМЬДЕСЯТ;NUM nom - -;;;То есть сь ... _семьдесят_ третий год эээ;т;я;с;е;д;ь;NUM;СЕМЬДЕСЯТ;NUM acc - -;Т
36312;;третий;ТРЕТИЙ;ANUM - nom sg plen m -;;;сь ... семьдесят _третий_ год эээ то есть;й;и;т;е;р;т;ANUM;ТРЕТИЙ;A - nom sg plen m -;Й
36313;;год;ГОД;S m inan acc sg;;;... семьдесят третий _год_ эээ то есть в;д;о;г;;;;S;ГОД;S m inan acc sg;Д
36314;;эээ;ЭЭЭ;INTJ;;;семьдесят третий год _эээ_ то есть в том;э;э;э;;;;NONLEX;ЭЭЭ;NONLEX;Э
36315;;то есть;то есть;CONJ;;;третий год эээ _то есть_ в том ...;ь;т;с;е; ;о;CONJ;то есть;ADV -;ь
36316;;в;В;PR;;;год эээ то есть _в_ том ... так;в;;;;;;PR;В;PR;В
36317;;том;ТО;SPRO n - loc sg;;;эээ то есть в _том_ ... так не;м;о;т;;;;SPRO;ТО;S m inan gen sg;О
36318;;...;...;PUNCT;;;;;;;;;;PUNCT;;;
36319;;так;ТАК;ADV -;;;в том ... _так_ не распространены были;к;а;т;;;;ADV;ТАК;ADV -;К
36320;;не;НЕ;PART;;;том ... так _не_ распространены были клещи;е;н;;;;;PART;НЕ;PART;Е
36321;;распространены;РАСПРОСТРАНИТЬ;PARTCP pf praet - pl brev - pass -;;;... так не _распространены_ были клещи .;ы;н;е;н;а;р;PARTCP;РАСПРОСТРАНИТЬ;PARTCP pf praet - pl brev - pass -;Ь
36322;;были;БЫТЬ;V ipf praet pl indic - -;;;так не распространены _были_ клещи . ;и;л;ы;б;;;V;БЫТЬ;V ipf praet pl indic - -;Ь
36323;;клещи;КЛЕЩ;S m anim nom pl;;;не распространены были _клещи_ .  ;и;щ;е;л;к;;S;КЛЕЩИ;S m anim nom pl;Щ
36324;;.;.;PUNCT;;;;;;;;;;PUNCT;;;
36325;;;;;;;;;;;;;;;;;
36326;# sent = 2726;;;;;;;;;;;;;;;;
36327;# speaker = Я;;;;;;;;;;;;;;;;
36328;# sent = 2727;;;;;;;;;;;;;;;;
36329;;хмм;ХММ;INTJ;;;   _хмм_ ...  ;м;м;х;;;;NONLEX;ХММ;NONLEX;М
36330;;...;...;PUNCT;;;;;;;;;;PUNCT;;;
36331;;;;;;;;;;;;;;;;;
36332;# sent = 2728;;;;;;;;;;;;;;;;
36333;# speaker = Бабушка;;;;;;;;;;;;;;;;
36334;# sent = 2729;;;;;;;;;;;;;;;;
36335;;То есть;То есть;CONJ;;;   _То есть_ м ... ходили;ь;т;с;е; ;о;CONJ;То есть;ADV -;ь
36336;;м;М;INTJ;;;  То есть _м_ ... ходили не;м;;;;;;NONLEX;М;NONLEX;М
36337;;...;...;PUNCT;;;;;;;;;;PUNCT;;;
36338;;ходили;ХОДИТЬ;V ipf praet pl indic - -;;;То есть м ... _ходили_ не боялись в;и;л;и;д;о;х;V;ХОДИТЬ;V ipf praet pl indic - -;Ь
36339;;не;НЕ;PART;;;м ... ходили _не_ боялись в лес;е;н;;;;;PART;НЕ;PART;Е
36340;;боялись;БОЯТЬСЯ;V ipf praet pl indic - -;;;... ходили не _боялись_ в лес .;ь;с;и;л;я;о;V;БОЯТЬСЯ;V ipf praet pl indic - -;Я
36341;;в;В;PR;;;ходили не боялись _в_ лес . ;в;;;;;;PR;В;PR;В
36342;;лес;ЛЕС;S m inan acc sg;;;не боялись в _лес_ .  ;с;е;л;;;;S;ЛЕС;S m inan acc sg;С
36343;;.;.;PUNCT;;;;;;;;;;PUNCT;;;
36344;;;;;;;;;;;;;;;;;
36345;# sent = 2730;;;;;;;;;;;;;;;;
36346;;Мм;ММ;INTJ;;;.   _Мм_ ну я говорю;м;м;;;;;INTJ;ММ;INTJ;М
36347;;ну;НУ;PART;;;  Мм _ну_ я говорю бы;у;н;;;;;PART;НУ;PART;У
36348;;я;Я;SPRO sg 1p - nom;;; Мм ну _я_ говорю бы ...;я;;;;;;SPRO;Я;SPRO sg 1p - nom;Я
36349;;говорю;ГОВОРИТЬ;V ipf praes sg indic - 1p;;;Мм ну я _говорю_ бы ... было;ю;р;о;в;о;г;V;ГОВОРИТЬ;V ipf praes sg indic - 1p;Ь
36350;;бы;БЫ;PART;;;ну я говорю _бы_ ... было здорово;ы;б;;;;;PART;БЫ;PART;Ы
36351;;...;...;PUNCT;;;;;;;;;;PUNCT;;;
36352;;было;БЫТЬ;V ipf praet sg indic n -;;;говорю бы ... _было_ здорово . ;о;л;ы;б;;;V;БЫТЬ;V ipf praet sg indic n -;Ь
36353;;здорово;ЗДОРОВО;ADV -;;;бы ... было _здорово_ .  ;о;в;о;р;о;д;ADV;ЗДОРОВО;ADV -;О
36354;;.;.;PUNCT;;;;;;;;;;PUNCT;;;
36355;;;;;;;;;;;;;;;;;
36356;# sent = 2731;;;;;;;;;;;;;;;;
36357;;А;А;CONJ;;;.   _А_ зимой любили ходить;а;;;;;;CONJ;А;CONJ;А
36358;;зимой;ЗИМА;S f inan ins sg;;;  А _зимой_ любили ходить на;й;о;м;и;з;;S;ЗИМА;S f inan ins sg;А
36359;;любили;ЛЮБИТЬ;V ipf praet pl indic - -;;; А зимой _любили_ ходить на лыжах;и;л;и;б;ю;л;V;ЛЮБИТЬ;V ipf praet pl indic - -;Ь
36360;;ходить;ХОДИТЬ;V ipf - - inf - -;;;А зимой любили _ходить_ на лыжах .;ь;т;и;д;о;х;V;ХОДИТЬ;V ipf - - inf - -;Ь
36361;;на;НА;PR;;;зимой любили ходить _на_ лыжах . ;а;н;;;;;PR;НА;PR;А
36362;;лыжах;ЛЫЖИ;S  inan loc ;;;любили ходить на _лыжах_ .  ;х;а;ж;ы;л;;S;ЛЫЖА;S f inan loc pl;И
36363;;.;.;PUNCT;;;;;;;;;;PUNCT;;;
36364;;;;;;;;;;;;;;;;;
36365;# sent = 2732;;;;;;;;;;;;;;;;
36366;;Ходили;ХОДИТЬ;V ipf praet pl indic - -;;;.   _Ходили_ на лыжную базу;и;л;и;д;о;х;V;ХОДИТЬ;V ipf praet pl indic - -;Ь
36367;;на;НА;PR;;;  Ходили _на_ лыжную базу и;а;н;;;;;PR;НА;PR;А
36368;;лыжную;ЛЫЖНЫЙ;A - acc sg plen f -;;; Ходили на _лыжную_ базу и на;ю;у;н;ж;ы;л;A;ЛЫЖНЫЙ;A - acc sg plen f -;Й
36369;;базу;БАЗА;S f inan acc sg;;;Ходили на лыжную _базу_ и на ...;у;з;а;б;;;S;БАЗА;S f inan acc sg;А
36370;;и;И;CONJ;;;на лыжную базу _и_ на ... на;и;;;;;;CONJ;И;CONJ;И
36371;;на;НА;PR;;;лыжную базу и _на_ ... на это;а;н;;;;;PR;НА;PR;А
36372;;...;...;PUNCT;;;;;;;;;;PUNCT;;;
36373;;на;НА;PR;;;и на ... _на_ это самое вы;а;н;;;;;PR;НА;PR;А
36374;;это;ЭТОТ;APRO - acc sg plen n -;;;на ... на _это_ самое вы ...;о;т;э;;;;APRO;ЭТОТ;A - acc sg plen n inan;Т
36375;;самое;САМЫЙ;A - nom sg plen n inan;;;... на это _самое_ вы ... вылазку;е;о;м;а;с;;A;САМЫЙ;A - acc sg plen n inan;Й
36376;;вы;ВЫ;SPRO pl 2p - nom;;;на это самое _вы_ ... вылазку делали;ы;в;;;;;SPRO;ВЫ;SPRO pl 2p - nom;Ы
36377;;...;...;PUNCT;;;;;;;;;;PUNCT;;;
36378;;вылазку;ВЫЛАЗКА;S f inan acc sg;;;самое вы ... _вылазку_ делали на лыжах;у;к;з;а;л;ы;S;ВЫЛАЗКА;S f inan acc sg;А
36379;;делали;ДЕЛАТЬ;V ipf praet pl indic - -;;;вы ... вылазку _делали_ на лыжах ...;и;л;а;л;е;д;V;ДЕЛАТЬ;V ipf praet pl indic - -;Ь
36380;;на;НА;PR;;;... вылазку делали _на_ лыжах ... тоже;а;н;;;;;PR;НА;PR;А
36381;;лыжах;ЛЫЖИ;S m anim loc ;;;вылазку делали на _лыжах_ ... тоже очень;х;а;ж;ы;л;;S;ЛЫЖА;S m anim dat sg;И
36382;;...;...;PUNCT;;;;;;;;;;PUNCT;;;
36383;;тоже;ТОЖЕ;PART;;;на лыжах ... _тоже_ очень здорово .;е;ж;о;т;;;PART;ТОЖЕ;PART;Е
36384;;очень;ОЧЕНЬ;ADV -;;;лыжах ... тоже _очень_ здорово . ;ь;н;е;ч;о;;ADV;ОЧЕНЬ;ADV -;Ь
36385;;здорово;ЗДОРОВО;ADV -;;;... тоже очень _здорово_ .  ;о;в;о;р;о;д;ADV;ЗДОРОВО;ADV -;О
36386;;.;.;PUNCT;;;;;;;;;;PUNCT;;;
36387;;;;;;;;;;;;;;;;;
36388;# sent = 2733;;;;;;;;;;;;;;;;
36389;;Тоже;ТОЖЕ;PART;;;.   _Тоже_  устраивалиии ;е;ж;о;т;;;PART;ТОЖЕ;PART;Е
36390;"<distinct form=""";;;;;;;;;;;;;;;;
36391;<dist>;устраивалиии;;;;;;;;;;;;;;;
36392;""">";;;;;;;;;;;;;;;;
36393;;устраивали;УСТРАИВАТЬ;V ipf praet pl indic - -;;; устраивалиии  _устраивали_  ка ...;и;л;а;в;и;а;V;УСТРАИВАТЬ;V ipf praet pl indic - -;Ь
36394;</distinct>;;;;;;;;;;;;;;;;
36395;;ка;КА;NONLEX;;; устраивали  _ка_ ... костры ,;а;к;;;;;PART;КА;PART;А
36396;;...;...;PUNCT;;;;;;;;;;PUNCT;;;
36397;;костры;КОСТЕР;S m inan acc pl;;; ка ... _костры_ , жгли костры;ы;р;т;с;о;к;S;КОСТЕР;S m inan acc pl;Р
36398;;,;,;PUNCT;;;;;;;;;;PUNCT;;;
36399;;жгли;ЖЕЧЬ;V ipf praet pl indic - -;;;... костры , _жгли_ костры там чего-нибудь;и;л;г;ж;;;V;ЖЕЧЬ;V ipf praet pl indic - -;Ь
36400;;костры;КОСТЕР;S m inan gen pl;;;костры , жгли _костры_ там чего-нибудь разогревали;ы;р;т;с;о;к;S;КОСТЕР;S m inan nom pl;Р
36401;;там;ТАМ;ADV -;;;, жгли костры _там_ чего-нибудь разогревали ,;м;а;т;;;;ADV;ТАМ;ADV -;М
36402;;чего-нибудь;ЧТО-НИБУДЬ;SPRO n inan gen sg;;;жгли костры там _чего-нибудь_ разогревали , в;ь;д;у;б;и;н;SPRO;ЧТО-НИБУДЬ;S n - gen sg;Ь
36403;;разогревали;РАЗОГРЕВАТЬ;V ipf praet pl indic - -;;;костры там чего-нибудь _разогревали_ , в общем;и;л;а;в;е;р;V;РАЗОГРЕВАТЬ;V ipf praet pl indic - -;Ь
36404;;,;,;PUNCT;;;;;;;;;;PUNCT;;;
36405;;в;В;PR;;;чего-нибудь разогревали , _в_ общем хорошо весело;в;;;;;;PR;В;PR;В
36406;;общем;ОБЩИЙ;A - loc sg plen m -;;;разогревали , в _общем_ хорошо весело было;м;е;щ;б;о;;A;ОБЩИЙ;A - loc sg plen m -;Й
36407;;хорошо;ХОРОШО;ADV -;;;, в общем _хорошо_ весело было .;о;ш;о;р;о;х;ADV;ХОРОШО;ADV -;О
36408;;весело;ВЕСЕЛО;ADV -;;;в общем хорошо _весело_ было . ;о;л;е;с;е;в;ADV;ВЕСЕЛО;ADV -;О
36409;;было;БЫТЬ;V ipf praet sg indic n -;;;общем хорошо весело _было_ .  ;о;л;ы;б;;;V;БЫТЬ;V ipf praet sg indic n -;Ь
36410;;.;.;PUNCT;;;;;;;;;;PUNCT;;;
36411;;;;;;;;;;;;;;;;;
36412;# sent = 2734;;;;;;;;;;;;;;;;
36413;;Это;ЭТО;SPRO n - acc sg;;;.   _Это_ так мы отдыхали;о;т;э;;;;SPRO;ЭТО;S n - nom sg;О
36414;;так;ТАК;ADV -;;;  Это _так_ мы отдыхали ...;к;а;т;;;;ADV;ТАК;ADV -;К
36415;;мы;МЫ;SPRO pl 1p - nom;;; Это так _мы_ отдыхали ... называется;ы;м;;;;;SPRO;МЫ;SPRO pl 1p - nom;Ы
36416;;отдыхали;ОТДЫХАТЬ;V ipf praet pl indic - -;;;Это так мы _отдыхали_ ... называется .;и;л;а;х;ы;д;V;ОТДЫХАТЬ;V ipf praet pl indic - -;Ь
36417;;...;...;PUNCT;;;;;;;;;;PUNCT;;;
36418;;называется;НАЗЫВАТЬСЯ;V ipf praes sg indic - 3p;;;мы отдыхали ... _называется_ .  ;я;с;т;е;а;в;V;НАЗЫВАТЬСЯ;V ipf praes sg indic - 3p;Я
36419;;.;.;PUNCT;;;;;;;;;;PUNCT;;;
36420;;;;;;;;;;;;;;;;;
36421;# sent = 2735;;;;;;;;;;;;;;;;
36422;# speaker = Я;;;;;;;;;;;;;;;;
36423;# sent = 2736;;;;;;;;;;;;;;;;
36424;"<distinct form=""";;;;;;;;;;;;;;;;
36425;<dist>;Поннятно;;;;;;;;;;;;;;;
36426;""">";;;;;;;;;;;;;;;;
36427;;Понятно;ПОНЯТНО;ADV -;;; Поннятно  _Понятно_  , а;о;н;т;я;н;о;A;ПОНЯТНЫЙ;A comp2 - - plen - -;О
36428;</distinct>;;;;;;;;;;;;;;;;
36429;;,;,;PUNCT;;;;;;;;;;PUNCT;;;
36430;;а;А;CONJ;;;Понятно  , _а_ учились как тогда;а;;;;;;CONJ;А;CONJ;А
36431;;учились;УЧИТЬСЯ;V ipf praet pl indic - -;;; , а _учились_ как тогда ?;ь;с;и;л;и;ч;V;УЧИТЬСЯ;V ipf praet pl indic - -;Я
36432;;как;КАК;CONJ;;;, а учились _как_ тогда ? ;к;а;к;;;;CONJ;КАК;CONJ;К
36433;;тогда;ТОГДА;ADV -;;;а учились как _тогда_ ?  ;а;д;г;о;т;;ADV;ТОГДА;ADV -;А
36434;;?;?;PUNCT;;;;;;;;;;PUNCT;;;
36435;;;;;;;;;;;;;;;;;
36436;# sent = 2737;;;;;;;;;;;;;;;;
36437;# speaker = Бабушка;;;;;;;;;;;;;;;;
36438;# sent = 2738;;;;;;;;;;;;;;;;
36439;;А;А;CONJ;;;   _А_ учились как ?;а;;;;;;CONJ;А;CONJ;А
36440;;учились;УЧИТЬСЯ;V ipf praet pl indic - -;;;  А _учились_ как ? ;ь;с;и;л;и;ч;V;УЧИТЬСЯ;V ipf praet pl indic - -;Я
36441;;как;КАК;ADV -;;; А учились _как_ ?  ;к;а;к;;;;ADV;КАК;ADV -;К
36442;;?;?;PUNCT;;;;;;;;;;PUNCT;;;
36443;;;;;;;;;;;;;;;;;
36444;# sent = 2739;;;;;;;;;;;;;;;;
36445;"<distinct form=""";;;;;;;;;;;;;;;;
36446;<dist>;нуу;;;;;;;;;;;;;;;
36447;""">";;;;;;;;;;;;;;;;
36448;;ну;НУ;PART;;; нуу  _ну_  учились мы;у;н;;;;;PART;НУ;PART;У
36449;</distinct>;;;;;;;;;;;;;;;;
36450;;учились;УЧИТЬСЯ;V ipf praet pl indic - -;;; ну  _учились_ мы ... мы;ь;с;и;л;и;ч;V;УЧИТЬСЯ;V ipf praet pl indic - -;Я
36451;;мы;МЫ;SPRO pl 1p - nom;;;ну  учились _мы_ ... мы жили;ы;м;;;;;SPRO;МЫ;SPRO pl 1p - nom;Ы
36452;;...;...;PUNCT;;;;;;;;;;PUNCT;;;
36453;;мы;МЫ;SPRO pl 1p - nom;;;учились мы ... _мы_ жили комунной то есть;ы;м;;;;;SPRO;МЫ;SPRO pl 1p - nom;Ы
36454;;жили;ЖИТЬ;V ipf praet pl indic - -;;;мы ... мы _жили_ комунной то есть ээээ;и;л;и;ж;;;V;ЖИТЬ;V ipf praet pl indic - -;Ь
36455;;комунной;КОМУННА;S - ins sg  f -;;;... мы жили _комунной_ то есть ээээ питались;й;о;н;н;у;м;A;КОМУННЫЙ;A - acc sg plen f -;А
36456;;то есть;то есть;CONJ;;;мы жили комунной _то есть_ ээээ питались ...;ь;т;с;е; ;о;CONJ;то есть;ADV -;ь
36457;;ээээ;ЭЭЭЭ;INTJ;;;жили комунной то есть _ээээ_ питались ... в;э;э;э;э;;;NONLEX;ЭЭЭЭ;NONLEX;Э
36458;;питались;ПИТАТЬСЯ;V ipf praet pl indic - -;;;комунной то есть ээээ _питались_ ... в комнате;ь;с;и;л;а;т;V;ПИТАТЬСЯ;V ipf praet pl indic - -;Я
36459;;...;...;PUNCT;;;;;;;;;;PUNCT;;;
36460;;в;В;PR;;;ээээ питались ... _в_ комнате сбрасывались ;в;;;;;;PR;В;PR;В
36461;;комнате;КОМНАТА;S f inan loc sg;;;питались ... в _комнате_ сбрасывались  иии;е;т;а;н;м;о;S;КОМНАТА;S f inan loc sg;А
36462;;сбрасывались;СБРАСЫВАТЬСЯ;V ipf praet pl indic - -;;;... в комнате _сбрасывались_  иии ;ь;с;и;л;а;в;V;СБРАСЫВАТЬСЯ;V ipf praet pl indic - -;Я
36463;"<distinct form=""";;;;;;;;;;;;;;;;
36464;<dist>;иии;;;;;;;;;;;;;;;
36465;""">";;;;;;;;;;;;;;;;
36466;;и;И;CONJ;;; иии  _и_  кто-то дежурный;и;;;;;;CONJ;И;CONJ;И
36467;</distinct>;;;;;;;;;;;;;;;;
36468;;кто-то;КТО-ТО;SPRO m - nom sg;;; и  _кто-то_ дежурный каждый день;о;т;-;о;т;к;S;КТО-ТО;S m - nom sg;О
36469;;дежурный;ДЕЖУРНЫЙ;S m anim nom sg;;;и  кто-то _дежурный_ каждый день был;й;ы;н;р;у;ж;S;ДЕЖУРНЫЙ;S m anim nom sg;Й
36470;;каждый;КАЖДЫЙ;APRO - nom sg plen m -;;; кто-то дежурный _каждый_ день был др;й;ы;д;ж;а;к;APRO;КАЖДЫЙ;A - nom sg plen m -;Й
36471;;день;ДЕНЬ;S m inan nom sg;;;кто-то дежурный каждый _день_ был др ...;ь;н;е;д;;;S;ДЕНЬ;S m inan nom sg;Ь
36472;;был;БЫТЬ;V ipf praet sg indic m -;;;дежурный каждый день _был_ др ... э;л;ы;б;;;;V;БЫТЬ;V ipf praet sg indic m -;Ь
36473;;др;ДР.;NONLEX;;;каждый день был _др_ ... э ...;р;д;;;;;NONLEX;ДР.;NONLEX;.
36474;;...;...;PUNCT;;;;;;;;;;PUNCT;;;
36475;;э;Э;INTJ;;;был др ... _э_ ... разный дежурный;э;;;;;;INTJ;Э;S - - nonflex -;Э
36476;;...;...;PUNCT;;;;;;;;;;PUNCT;;;
36477;;разный;РАЗНЫЙ;A - nom sg plen m inan;;;... э ... _разный_ дежурный ... ;й;ы;н;з;а;р;A;РАЗНЫЙ;A - acc sg plen m inan;Й
36478;;дежурный;ДЕЖУРНЫЙ;S m anim nom sg;;;э ... разный _дежурный_ ...  ;й;ы;н;р;у;ж;S;ДЕЖУРНЫЙ;S m anim nom sg;Й
36479;;...;...;PUNCT;;;;;;;;;;PUNCT;;;
36480;;;;;;;;;;;;;;;;;
36481;# sent = 2740;;;;;;;;;;;;;;;;
36482;;Вот;ВОТ;PART;;;...   _Вот_ и покупали продукты;т;о;в;;;;PART;ВОТ;PART;Т
36483;;и;И;CONJ;;;  Вот _и_ покупали продукты что-то;и;;;;;;CONJ;И;CONJ;И
36484;;покупали;ПОКУПАТЬ;V ipf praet pl indic - -;;; Вот и _покупали_ продукты что-то готовили;и;л;а;п;у;к;V;ПОКУПАТЬ;V ipf praet pl indic - -;Ь
36485;;продукты;ПРОДУКТ;S m inan acc pl;;;Вот и покупали _продукты_ что-то готовили ...;ы;т;к;у;д;о;S;ПРОДУКТ;S m inan nom pl;Т
36486;;что-то;ЧТО-ТО;SPRO n inan acc sg;;;и покупали продукты _что-то_ готовили ... утром;о;т;-;о;т;ч;SPRO;ЧТО-ТО;S n - acc sg;О
36487;;готовили;ГОТОВИТЬ;V ipf praet pl indic - -;;;покупали продукты что-то _готовили_ ... утром завтрак;и;л;и;в;о;т;V;ГОТОВИТЬ;V ipf praet pl indic - -;Ь
36488;;...;...;PUNCT;;;;;;;;;;PUNCT;;;
36489;;утром;УТРО;S n inan ins sg;;;что-то готовили ... _утром_ завтрак был у;м;о;р;т;у;;S;УТРО;S n inan ins sg;О
36490;;завтрак;ЗАВТРАК;S m inan nom sg;;;готовили ... утром _завтрак_ был у нас;к;а;р;т;в;а;S;ЗАВТРАК;S m inan acc sg;К
36491;;был;БЫТЬ;V ipf praet sg indic m -;;;... утром завтрак _был_ у нас ...;л;ы;б;;;;V;БЫТЬ;V ipf praet sg indic m -;Ь
36492;;у;У;PR;;;утром завтрак был _у_ нас ... потом;у;;;;;;PR;У;PR;У
36493;;нас;МЫ;SPRO pl 1p - loc;;;завтрак был у _нас_ ... потом в;с;а;н;;;;SPRO;МЫ;SPRO pl 1p - loc;Ы
36494;;...;...;PUNCT;;;;;;;;;;PUNCT;;;
36495;;потом;ПОТОМ;ADV -;;;у нас ... _потом_ в школу шли;м;о;т;о;п;;ADV;ПОТОМ;ADV -;М
36496;;в;В;PR;;;нас ... потом _в_ школу шли эээ;в;;;;;;PR;В;PR;В
36497;;школу;ШКОЛА;S f inan acc sg;;;... потом в _школу_ шли эээ в;у;л;о;к;ш;;S;ШКОЛА;S f inan acc sg;А
36498;;шли;ИДТИ;V ipf praet pl indic - -;;;потом в школу _шли_ эээ в смысле;и;л;ш;;;;V;ИДТИ;V ipf praet pl indic - -;И
36499;;эээ;ЭЭЭ;INTJ;;;в школу шли _эээ_ в смысле ...;э;э;э;;;;NONLEX;ЭЭЭ;NONLEX;Э
36500;;в;В;PR;;;школу шли эээ _в_ смысле ... в;в;;;;;;PR;В;PR;В
36501;;смысле;СМЫСЛ;S m inan loc sg;;;шли эээ в _смысле_ ... в обед;е;л;с;ы;м;с;S;СМЫСЛ;S m inan gen sg;Л
36502;;...;...;PUNCT;;;;;;;;;;PUNCT;;;
36503;;в;В;PR;;;в смысле ... _в_ обед приходили обедали;в;;;;;;PR;В;PR;В
36504;;обед;ОБЕД;S m inan acc sg;;;смысле ... в _обед_ приходили обедали кто;д;е;б;о;;;S;ОБЕД;S m inan acc sg;Д
36505;;приходили;ПРИХОДИТЬ;V ipf praet pl indic - -;;;... в обед _приходили_ обедали кто мог;и;л;и;д;о;х;V;ПРИХОДИТЬ;V ipf praet pl indic - -;Ь
36506;;обедали;ОБЕДАТЬ;V ipf praet pl indic - -;;;в обед приходили _обедали_ кто мог когда;и;л;а;д;е;б;V;ОБЕДАТЬ;V ipf praet pl indic - -;Ь
36507;;кто;КТО;SPRO m - nom sg;;;обед приходили обедали _кто_ мог когда могли;о;т;к;;;;S;КТО;S m - nom sg;О
36508;;мог;МОЧЬ;V ipf praet sg indic m -;;;приходили обедали кто _мог_ когда могли ,;г;о;м;;;;V;МОЧЬ;V ipf praet sg indic m -;Ь
36509;;когда;КОГДА;CONJ;;;обедали кто мог _когда_ могли , дальше;а;д;г;о;к;;CONJ;КОГДА;CONJ;А
36510;;могли;МОЧЬ;V ipf praet pl indic - -;;;кто мог когда _могли_ , дальше продолжалась;и;л;г;о;м;;V;МОЧЬ;V ipf praet pl indic - -;Ь
36511;;,;,;PUNCT;;;;;;;;;;PUNCT;;;
36512;;дальше;ДАЛЕКО;ADV comp;;;когда могли , _дальше_ продолжалась учеба .;е;ш;ь;л;а;д;ADV;ДАЛЕКО;ADV comp;О
36513;;продолжалась;ПРОДОЛЖАТЬСЯ;V ipf praet sg indic f -;;;могли , дальше _продолжалась_ учеба . ;ь;с;а;л;а;ж;V;ПРОДОЛЖАТЬСЯ;V ipf praet sg indic f -;Я
36514;;учеба;УЧЕБА;S f inan nom sg;;;, дальше продолжалась _учеба_ .  ;а;б;е;ч;у;;S;УЧЕБА;S f anim nom sg;А
36515;;.;.;PUNCT;;;;;;;;;;PUNCT;;;
36516;;;;;;;;;;;;;;;;;
36517;# sent = 2741;;;;;;;;;;;;;;;;
36518;;Вечером;ВЕЧЕР;ADV;;;.   _Вечером_ занятия ой ,;м;о;р;е;ч;е;S;ВЕЧЕР;S m inan ins sg;Р
36519;;занятия;ЗАНЯТИЕ;S n inan nom pl;;;  Вечером _занятия_ ой , вернее;я;и;т;я;н;а;S;ЗАНЯТИЕ;S n inan acc pl;Е
36520;;ой;ОЙ;INTJ;;; Вечером занятия _ой_ , вернее домашнее;й;о;;;;;INTJ;ОЙ;INTJ;Й
36521;;,;,;PUNCT;;;;;;;;;;PUNCT;;;
36522;;вернее;ВЕРНЕЕ;PARENTH;;;занятия ой , _вернее_ домашнее задание что;е;е;н;р;е;в;ADV;ВЕРНЕЕ;ADV -;Е
36523;;домашнее;ДОМАШНИЙ;A - nom sg plen n inan;;;ой , вернее _домашнее_ задание что называется;е;е;н;ш;а;м;A;ДОМАШНИЙ;A - acc sg plen n inan;Й
36524;;задание;ЗАДАНИЕ;S n inan nom sg;;;, вернее домашнее _задание_ что называется вы;е;и;н;а;д;а;S;ЗАДАНИЕ;S n inan acc sg;Е
36525;;что;ЧТО;CONJ;;;вернее домашнее задание _что_ называется вы ...;о;т;ч;;;;CONJ;ЧТО;CONJ;О
36526;;называется;НАЗЫВАТЬСЯ;V ipf praes sg indic - 3p;;;домашнее задание что _называется_ вы ... выполняли;я;с;т;е;а;в;V;НАЗЫВАТЬСЯ;V ipf praes sg indic - 3p;Я
36527;;вы;ВЫ;SPRO pl 2p - nom;;;задание что называется _вы_ ... выполняли эээ;ы;в;;;;;SPRO;ВЫ;SPRO pl 2p - nom;Ы
36528;;...;...;PUNCT;;;;;;;;;;PUNCT;;;
36529;;выполняли;ВЫПОЛНЯТЬ;V ipf praet pl indic - -;;;называется вы ... _выполняли_ эээ . ;и;л;я;н;л;о;V;ВЫПОЛНЯТЬ;V ipf praet pl indic - -;Ь
36530;;эээ;ЭЭЭ;INTJ;;;вы ... выполняли _эээ_ .  ;э;э;э;;;;NONLEX;ЭЭЭ;NONLEX;Э
36531;;.;.;PUNCT;;;;;;;;;;PUNCT;;;
36532;;;;;;;;;;;;;;;;;
36533;# sent = 2742;;;;;;;;;;;;;;;;
36534;;В;В;PR;;;.   _В_ общежитии были разные;в;;;;;;PR;В;PR;В
36535;;общежитии;ОБЩЕЖИТИЕ;S n inan loc sg;;;  В _общежитии_ были разные рабочие;и;и;т;и;ж;е;S;ОБЩЕЖИТИЕ;S n inan loc sg;Е
36536;;были;БЫТЬ;V ipf praet pl indic - -;;; В общежитии _были_ разные рабочие комнаты;и;л;ы;б;;;V;БЫТЬ;V ipf praet pl indic - -;Ь
36537;;разные;РАЗНЫЙ;A - nom pl plen - -;;;В общежитии были _разные_ рабочие комнаты ,;е;ы;н;з;а;р;A;РАЗНЫЙ;A - nom pl plen - -;Й
36538;;рабочие;РАБОЧИЙ;A - nom pl plen f -;;;общежитии были разные _рабочие_ комнаты , то есть;е;и;ч;о;б;а;S;РАБОЧИЙ;S m anim nom pl;Й
36539;;комнаты;КОМНАТА;S f inan nom pl;;;были разные рабочие _комнаты_ , то есть в;ы;т;а;н;м;о;S;КОМНАТА;S f inan gen sg;А
36540;;,;,;PUNCT;;;;;;;;;;PUNCT;;;
36541;;то есть;то есть;CONJ;;;рабочие комнаты , _то есть_ в рабочих комнатах;ь;т;с;е; ;о;CONJ;то есть;ADV -;ь
36542;;в;В;PR;;;комнаты , то есть _в_ рабочих комнатах занимались;в;;;;;;PR;В;PR;В
36543;;рабочих;РАБОЧИЙ;A - loc pl plen f - -;;;, то есть в _рабочих_ комнатах занимались чаще;х;и;ч;о;б;а;A;РАБОЧИЙ;A - loc pl plen - -;Й
36544;;комнатах;КОМНАТА;S f inan loc pl;;;то есть в рабочих _комнатах_ занимались чаще всего;х;а;т;а;н;м;S;КОМНАТА;S f inan loc pl;А
36545;;занимались;ЗАНИМАТЬСЯ;V ipf praet pl indic - -;;;в рабочих комнатах _занимались_ чаще всего ,;ь;с;и;л;а;м;V;ЗАНИМАТЬСЯ;V ipf praet pl indic - -;Я
36546;;чаще;ЧАСТО;ADV comp;;;рабочих комнатах занимались _чаще_ всего , потому что;е;щ;а;ч;;;ADV;ЧАСТО;ADV comp;О
36547;;всего;ВСЕ;S n - gen sg;;;комнатах занимались чаще _всего_ , потому что в;о;г;е;с;в;;S;ВСЕ;S n - gen sg;Е
36548;;,;,;PUNCT;;;;;;;;;;PUNCT;;;
36549;;потому что;потому что;CONJ;;;чаще всего , _потому что_ в комнате иии;о;т;ч; ;у;м;CONJ;потому что;CONJ;о
36550;;в;В;PR;;;всего , потому что _в_ комнате иии нас;в;;;;;;PR;В;PR;В
36551;;комнате;КОМНАТА;S f inan loc sg;;;, потому что в _комнате_ иии нас жило;е;т;а;н;м;о;S;КОМНАТА;S f inan loc sg;А
36552;;иии;И;CONJ;distort;;потому что в комнате _иии_ нас жило вот;и;и;и;;;;CONJ;ИИИ;S m inan gen sg;И
36553;;нас;МЫ;SPRO pl 1p - loc;;;в комнате иии _нас_ жило вот допустим;с;а;н;;;;SPRO;МЫ;SPRO pl 1p - loc;Ы
36554;;жило;ЖИТЬ;V ipf praet sg indic n -;;;комнате иии нас _жило_ вот допустим шесть;о;л;и;ж;;;V;ЖИТЬ;V ipf praet sg indic n -;Ь
36555;;вот;ВОТ;PART;;;иии нас жило _вот_ допустим шесть человек;т;о;в;;;;PART;ВОТ;PART;Т
36556;;допустим;ДОПУСТИТЬ;V pf - pl indic - 1p;;;нас жило вот _допустим_ шесть человек ;м;и;т;с;у;п;V;ДОПУСТИТЬ;V pf - pl imper - 1p;Ь
36557;;шесть;ШЕСТЬ;NUM acc - -;;;жило вот допустим _шесть_ человек  иии;ь;т;с;е;ш;;NUM;ШЕСТЬ;NUM acc - -;Ь
36558;;человек;ЧЕЛОВЕК;S m anim gen pl;;;вот допустим шесть _человек_  иии ;к;е;в;о;л;е;S;ЧЕЛОВЕК;S m anim gen pl;К
36559;"<distinct form=""";;;;;;;;;;;;;;;;
36560;<dist>;иии;;;;;;;;;;;;;;;
36561;""">";;;;;;;;;;;;;;;;
36562;;и;И;CONJ;;; иии  _и_  если места;и;;;;;;CONJ;И;CONJ;И
36563;</distinct>;;;;;;;;;;;;;;;;
36564;;если;ЕСЛИ;CONJ;;; и  _если_ места всем не;и;л;с;е;;;CONJ;ЕСЛИ;CONJ;И
36565;;места;МЕСТО;S n inan gen sg;;;и  если _места_ всем не было;а;т;с;е;м;;S;МЕСТО;S n inan gen sg;О
36566;;всем;ВСЕ;S - - dat pl;;; если места _всем_ не было ,;м;е;с;в;;;S;ВСЕ;S - - dat pl;Е
36567;;не;НЕ;PART;;;если места всем _не_ было , хотя;е;н;;;;;PART;НЕ;PART;Е
36568;;было;БЫТЬ;V ipf praet sg indic n -;;;места всем не _было_ , хотя мы;о;л;ы;б;;;V;БЫТЬ;V ipf praet sg indic n -;Ь
36569;;,;,;PUNCT;;;;;;;;;;PUNCT;;;
36570;;хотя;ХОТЯ;CONJ;;;не было , _хотя_ мы вот ...;я;т;о;х;;;CONJ;ХОТЯ;CONJ;Я
36571;;мы;МЫ;SPRO pl 1p - nom;;;было , хотя _мы_ вот ... у;ы;м;;;;;SPRO;МЫ;SPRO pl 1p - nom;Ы
36572;;вот;ВОТ;PART;;;, хотя мы _вот_ ... у нас;т;о;в;;;;PART;ВОТ;PART;Т
36573;;...;...;PUNCT;;;;;;;;;;PUNCT;;;
36574;;у;У;PR;;;мы вот ... _у_ нас был факультет;у;;;;;;PR;У;PR;У
36575;;нас;МЫ;SPRO pl 1p - loc;;;вот ... у _нас_ был факультет машиностроительный;с;а;н;;;;SPRO;МЫ;SPRO pl 1p - loc;Ы
36576;;был;БЫТЬ;V ipf praet sg indic m -;;;... у нас _был_ факультет машиностроительный -;л;ы;б;;;;V;БЫТЬ;V ipf praet sg indic m -;Ь
36577;;факультет;ФАКУЛЬТЕТ;S m inan nom sg;;;у нас был _факультет_ машиностроительный - у;т;е;т;ь;л;у;S;ФАКУЛЬТЕТ;S m inan acc sg;Т
36578;;машиностроительный;МАШИНОСТРОИТЕЛЬНЫЙ;A - nom sg plen m -;;;нас был факультет _машиностроительный_ - у нас;й;ы;н;ь;л;е;A;МАШИНОСТРОИТЕЛЬНЫЙ;A - nom sg plen m -;Й
36579;;-;-;PUNCT;;;;;;;;;;PUNCT;;;
36580;;у;У;PR;;;факультет машиностроительный - _у_ нас у всех;у;;;;;;PR;У;PR;У
36581;;нас;МЫ;SPRO pl 1p - loc;;;машиностроительный - у _нас_ у всех были;с;а;н;;;;SPRO;МЫ;SPRO pl 1p - loc;Ы
36582;;у;У;PR;;;- у нас _у_ всех были пульманы;у;;;;;;PR;У;PR;У
36583;;всех;ВЕСЬ;APRO - gen pl plen - -;;;у нас у _всех_ были пульманы ,;х;е;с;в;;;APRO;ВЕСЬ;A - loc pl plen - -;Ь
36584;;были;БЫТЬ;V ipf praet pl indic - -;;;нас у всех _были_ пульманы , то есть;и;л;ы;б;;;V;БЫТЬ;V ipf praet pl indic - -;Ь
36585;;пульманы;ПУЛЬМАН;S m inan nom pl;;;у всех были _пульманы_ , то есть мы;ы;н;а;м;ь;л;S;ПУЛЬМАН;S f inan acc sg;Н
36586;;,;,;PUNCT;;;;;;;;;;PUNCT;;;
36587;;то есть;то есть;CONJ;;;были пульманы , _то есть_ мы чертили ...;ь;т;с;е; ;о;CONJ;то есть;ADV -;ь
36588;;мы;МЫ;SPRO pl 1p - nom;;;пульманы , то есть _мы_ чертили ... у;ы;м;;;;;SPRO;МЫ;SPRO pl 1p - nom;Ы
36589;;чертили;ЧЕРТИТЬ;V ipf praet pl indic - -;;;, то есть мы _чертили_ ... у нас;и;л;и;т;р;е;V;ЧЕРТИТЬ;V ipf praet pl indic - -;Ь
36590;;...;...;PUNCT;;;;;;;;;;PUNCT;;;
36591;;у;У;PR;;;мы чертили ... _у_ нас доски чертежные;у;;;;;;PR;У;PR;У
36592;;нас;МЫ;SPRO pl 1p - loc;;;чертили ... у _нас_ доски чертежные ,;с;а;н;;;;SPRO;МЫ;SPRO pl 1p - loc;Ы
36593;;доски;ДОСКА;S f inan nom pl;;;... у нас _доски_ чертежные , но;и;к;с;о;д;;S;ДОСКА;S f inan gen sg;А
36594;;чертежные;ЧЕРТЕЖНЫЙ;A - nom pl plen m -;;;у нас доски _чертежные_ , но они;е;ы;н;ж;е;т;A;ЧЕРТЕЖНЫЙ;A - gen sg plen m -;Й
36595;;,;,;PUNCT;;;;;;;;;;PUNCT;;;
36596;;но;НО;CONJ;;;доски чертежные , _но_ они стояли на;о;н;;;;;CONJ;НО;CONJ;О
36597;;они;ОНИ;SPRO pl - - nom;;;чертежные , но _они_ стояли на кровати;и;н;о;;;;SPRO;ОНИ;SPRO pl - - nom;И
36598;;стояли;СТОЯТЬ;V ipf praet pl indic - -;;;, но они _стояли_ на кровати ,;и;л;я;о;т;с;V;СТОЯТЬ;V ipf praet pl indic - -;Ь
36599;;на;НА;PR;;;но они стояли _на_ кровати , то есть;а;н;;;;;PR;НА;PR;А
36600;;кровати;КРОВАТЬ;S f inan loc sg;;;они стояли на _кровати_ , то есть чертили;и;т;а;в;о;р;S;КРОВАТЬ;S f inan loc sg;Ь
36601;;,;,;PUNCT;;;;;;;;;;PUNCT;;;
36602;;то есть;то есть;CONJ;;;на кровати , _то есть_ чертили на кровати;ь;т;с;е; ;о;CONJ;то есть;ADV -;ь
36603;;чертили;ЧЕРТИТЬ;V ipf praet pl indic - -;;;кровати , то есть _чертили_ на кровати то есть;и;л;и;т;р;е;V;ЧЕРТИТЬ;V ipf praet pl indic - -;Ь
36604;;на;НА;PR;;;, то есть чертили _на_ кровати то есть ...;а;н;;;;;PR;НА;PR;А
36605;;кровати;КРОВАТЬ;S f inan loc sg;;;то есть чертили на _кровати_ то есть ... ;и;т;а;в;о;р;S;КРОВАТЬ;S f inan loc sg;Ь
36606;;то есть;то есть;CONJ;;;чертили на кровати _то есть_ ...  ;ь;т;с;е; ;о;CONJ;то есть;ADV -;ь
36607;;...;...;PUNCT;;;;;;;;;;PUNCT;;;
36608;;;;;;;;;;;;;;;;;
36609;# sent = 2743;;;;;;;;;;;;;;;;
36610;# speaker = Я;;;;;;;;;;;;;;;;
36611;# sent = 2744;;;;;;;;;;;;;;;;
36612;;мгм;МГМ;INTJ;;;   _мгм_   ;м;г;м;;;;NONLEX;МГМ;NONLEX;М
36613;;;;;;;;;;;;;;;;;
36614;# sent = 2745;;;;;;;;;;;;;;;;
36615;# speaker = Бабушка;;;;;;;;;;;;;;;;
36616;# sent = 2746;;;;;;;;;;;;;;;;
36617;;Доску;ДОСКА;S f inan acc sg;;;   _Доску_ о ... располагаешь;у;к;с;о;д;;S;ДОСКА;S f inan acc sg;А
36618;;о;О;PR;;;  Доску _о_ ... располагаешь ии;о;;;;;;PR;О;PR;О
36619;;...;...;PUNCT;;;;;;;;;;PUNCT;;;
36620;;располагаешь;РАСПОЛАГАТЬ;V ipf praes sg indic - 2p;;;Доску о ... _располагаешь_ ии ... и;ь;ш;е;а;г;а;V;РАСПОЛАГАТЬ;V ipf praes sg indic - 2p;Ь
36621;;ии;И;CONJ;distort;;о ... располагаешь _ии_ ... и чертишь;и;и;;;;;CONJ;И;S m inan gen sg;И
36622;;...;...;PUNCT;;;;;;;;;;PUNCT;;;
36623;;и;И;CONJ;;;располагаешь ии ... _и_ чертишь . ;и;;;;;;CONJ;И;CONJ;И
36624;;чертишь;ЧЕРТИТЬ;V ipf praes sg indic - 2p;;;ии ... и _чертишь_ .  ;ь;ш;и;т;р;е;V;ЧЕРТИТЬ;V ipf praes sg indic - 2p;Ь
36625;;.;.;PUNCT;;;;;;;;;;PUNCT;;;
36626;;;;;;;;;;;;;;;;;
36627;# sent = 2747;;;;;;;;;;;;;;;;
36628;;А;А;CONJ;;;.   _А_ ежели надо было;а;;;;;;CONJ;А;CONJ;А
36629;;ежели;ЕЖЕЛИ;CONJ;;;  А _ежели_ надо было вот;и;л;е;ж;е;;CONJ;ЕЖЕЛИ;CONJ;И
36630;;надо;НАДО;PRAEDIC;;; А ежели _надо_ было вот читать;о;д;а;н;;;PRAEDIC;НАДО;ADV -;О
36631;;было;БЫТЬ;V ipf praet sg indic n -;;;А ежели надо _было_ вот читать что;о;л;ы;б;;;V;БЫТЬ;V ipf praet sg indic n -;Ь
36632;;вот;ВОТ;PART;;;ежели надо было _вот_ читать что то;т;о;в;;;;PART;ВОТ;PART;Т
36633;;читать;ЧИТАТЬ;V ipf - - inf - -;;;надо было вот _читать_ что то ээ;ь;т;а;т;и;ч;V;ЧИТАТЬ;V ipf - - inf - -;Ь
36634;;что;ЧТО;CONJ;;;было вот читать _что_ то ээ то;о;т;ч;;;;CONJ;ЧТО;CONJ;О
36635;;то;ТО;SPRO n - nom sg;;;вот читать что _то_ ээ то шли;о;т;;;;;SPRO;ТО;S n - nom sg;О
36636;;ээ;ЭЭ;INTJ;;;читать что то _ээ_ то шли в;э;э;;;;;NONLEX;ЭЭ;NONLEX;Э
36637;;то;ТО;PART;;;что то ээ _то_ шли в рабочую;о;т;;;;;PART;ТО;CONJ;О
36638;;шли;ИДТИ;V ipf praet pl indic - -;;;то ээ то _шли_ в рабочую комнату;и;л;ш;;;;V;ИДТИ;V ipf praet pl indic - -;И
36639;;в;В;PR;;;ээ то шли _в_ рабочую комнату .;в;;;;;;PR;В;PR;В
36640;;рабочую;РАБОЧИЙ;A - acc sg plen f -;;;то шли в _рабочую_ комнату . ;ю;у;ч;о;б;а;A;РАБОЧИЙ;A - acc sg plen f -;Й
36641;;комнату;КОМНАТА;S f inan acc sg;;;шли в рабочую _комнату_ .  ;у;т;а;н;м;о;S;КОМНАТА;S f inan acc sg;А
36642;;.;.;PUNCT;;;;;;;;;;PUNCT;;;
36643;;;;;;;;;;;;;;;;;
36644;# sent = 2748;;;;;;;;;;;;;;;;
36645;;За;ЗА;PR;;;.   _За_ ... занимались там;а;з;;;;;PR;ЗА;PR;А
36646;;...;...;PUNCT;;;;;;;;;;PUNCT;;;
36647;;занимались;ЗАНИМАТЬСЯ;V ipf praet pl indic - -;;; За ... _занимались_ там ... вот;ь;с;и;л;а;м;V;ЗАНИМАТЬСЯ;V ipf praet pl indic - -;Я
36648;;там;ТАМ;ADV -;;;За ... занимались _там_ ... вот .;м;а;т;;;;ADV;ТАМ;ADV -;М
36649;;...;...;PUNCT;;;;;;;;;;PUNCT;;;
36650;;вот;ВОТ;PART;;;занимались там ... _вот_ .  ;т;о;в;;;;PART;ВОТ;PART;Т
36651;;.;.;PUNCT;;;;;;;;;;PUNCT;;;
36652;;;;;;;;;;;;;;;;;
36653;# sent = 2749;;;;;;;;;;;;;;;;
36654;# speaker = Я;;;;;;;;;;;;;;;;
36655;# sent = 2750;;;;;;;;;;;;;;;;
36656;;Ох;ОХ;INTJ;;;   _Ох_ понятно ... ;х;о;;;;;INTJ;ОХ;INTJ;Х
36657;;понятно;ПОНЯТНО;ADV -;;;  Ох _понятно_ ...  ;о;н;т;я;н;о;ADV;ПОНЯТНО;ADV -;О
36658;;...;...;PUNCT;;;;;;;;;;PUNCT;;;
36659;;;;;;;;;;;;;;;;;
36660;# sent = 2751;;;;;;;;;;;;;;;;
36661;# speaker = Бабушка;;;;;;;;;;;;;;;;
36662;# sent = 2752;;;;;;;;;;;;;;;;
36663;;Так что;Так что;CONJ;;;   _Так что_ ..  ;о;т;ч; ;к;а;CONJ;Так что;CONJ;о
36664;;..;..;PUNCT;;;;;;;;;;PUNCT;;;
36665;;;;;;;;;;;;;;;;;
36666;# sent = 2753;;;;;;;;;;;;;;;;
36667;# speaker = Я;;;;;;;;;;;;;;;;
36668;# sent = 2754;;;;;;;;;;;;;;;;
36669;;иии;И;CONJ;distort;;   _иии_ ...  ;и;и;и;;;;CONJ;ИИИ;S - inan acc pl;И
36670;;...;...;PUNCT;;;;;;;;;;PUNCT;;;
36671;;;;;;;;;;;;;;;;;
36672;# sent = 2755;;;;;;;;;;;;;;;;
36673;# speaker = Бабушка;;;;;;;;;;;;;;;;
36674;# sent = 2756;;;;;;;;;;;;;;;;
36675;;Здорово;ЗДОРОВО;ADV -;;;   _Здорово_ было . ;о;в;о;р;о;д;ADV;ЗДОРОВО;ADV -;О
36676;;было;БЫТЬ;V ipf praet sg indic n -;;;  Здорово _было_ .  ;о;л;ы;б;;;V;БЫТЬ;V ipf praet sg indic n -;Ь
36677;;.;.;PUNCT;;;;;;;;;;PUNCT;;;
36678;;;;;;;;;;;;;;;;;
36679;# sent = 2757;;;;;;;;;;;;;;;;
36680;# speaker = Я;;;;;;;;;;;;;;;;
36681;# sent = 2758;;;;;;;;;;;;;;;;
36682;;Хорошо;ХОРОШО;ADV -;;;   _Хорошо_ , и на;о;ш;о;р;о;х;ADV;ХОРОШО;ADV -;О
36683;;,;,;PUNCT;;;;;;;;;;PUNCT;;;
36684;;и;И;CONJ;;; Хорошо , _и_ на этом собственно;и;;;;;;CONJ;И;CONJ;И
36685;;на;НА;PR;;;Хорошо , и _на_ этом собственно наше;а;н;;;;;PR;НА;PR;А
36686;;этом;ЭТО;SPRO n - loc sg;;;, и на _этом_ собственно наше время;м;о;т;э;;;SPRO;ЭТОТ;A - loc sg plen m -;О
36687;;собственно;СОБСТВЕННО;ADV -;;;и на этом _собственно_ наше время заканчивается;о;н;н;е;в;т;ADV;СОБСТВЕННО;ADV -;О
36688;;наше;НАШ;APRO - nom sg plen n -;;;на этом собственно _наше_ время заканчивается .;е;ш;а;н;;;APRO;НАШ;A - nom sg plen n -;Ш
36689;;время;ВРЕМЯ;S n inan nom sg;;;этом собственно наше _время_ заканчивается . ;я;м;е;р;в;;S;ВРЕМЯ;S n inan acc sg;Я
36690;;заканчивается;ЗАКАНЧИВАТЬСЯ;V ipf praes sg indic - 3p;;;собственно наше время _заканчивается_ .  ;я;с;т;е;а;в;V;ЗАКАНЧИВАТЬСЯ;V ipf praes sg indic - 3p;Я
36691;;.;.;PUNCT;;;;;;;;;;PUNCT;;;
